# TYPO3 changelog index — GENERATED, do not edit by hand.
# grep-only: never read this file as a whole.
# source: local:14.3.x
# columns: number	type	version	title	tags	symbols	migration-gist	note	source	path
# note column: 'note' means notes/{number}.md exists and takes precedence.
82855	Feature	13.0	Update Metadata of online media assets	Backend FAL ext:filelist		It's now possible to reload the Metadata of an online media asset using the new Reload Metadata action.	-	local:14.3.x	13.0/Feature-82855-UpdateMetadataOfOnlineMediaAssets.rst
87889	Deprecation	13.0	TYPO3 backend entry point script deprecated	Backend NotScanned ext:backend	$GLOBALS['TYPO3_CONF_VARS']['BE']['entryPoint']	There is a silent update in place which automatically updates the webserver configuration file when accessing the install tool, at least for Apache and Microsoft IIS webservers.	-	local:14.3.x	13.0/Deprecation-87889-TYPO3BackendEntrypointScriptDeprecated.rst
87889	Feature	13.0	Configurable TYPO3 backend URL	Backend ext:backend	$GLOBALS['TYPO3_CONF_VARS']['BE']['entryPoint']	The TYPO3 backend route path is made configurable in order to protected against application admin interface infrastructure enumeration (`WSTG-CONF-05`_).	-	local:14.3.x	13.0/Feature-87889-ConfigurableTYPO3BackendURL.rst
88537	Feature	13.0	WebP image format support for Image Processing	FAL Fluid Frontend LocalConfiguration ext:core	$GLOBALS['TYPO3_CONF_VARS']['GFX']['imagefile_ext'] $GLOBALS['TYPO3_CONF_VARS']['GFX']['webp_quality']	By default, WebP images can now be generated, as TYPO3's configuration setting $GLOBALS['TYPO3_CONF_VARS']['GFX']['imagefile_ext'] is now extended with "webp".	-	local:14.3.x	13.0/Feature-88537-WebPImageFormatSupportForImageProcessing.rst
88817	Feature	13.0	Make autocomplete selectable in EXT:form backend	Backend YAML ext:form		Editors can now select the autocomplete input purpose when editing forms.	-	local:14.3.x	13.0/Feature-88817-MakeAutocompleteSelectableInTheBackend.rst
94501	Feature	13.0	FAL support for FlexFormProcessor	Frontend FlexForm TypoScript ext:frontend	FlexFormProcessor foreign_match_fields FilesProcessor	FAL references within a FlexForm can now be resolved for the direct usage in Fluid templates. This makes resolving the file references by using additional data processors obsolete.	-	local:14.3.x	13.0/Feature-94501-FALSupportForFlexFormProcessor.rst
95808	Feature	13.0	Enable item groups from foreign tables	Backend TCA ext:backend	foreign_table_item_group string itemGroups group	Using the new foreign_table_item_group TCA config option, it's now possible to use the items group feature even for items from foreign tables.	-	local:14.3.x	13.0/Feature-95808-EnableItemGroupsFromForeignTables.rst
97330	Breaking	13.0	FormEngine element classes must create label or legend	Backend NotScanned ext:backend	FormEngine NodeFactory $GLOBALS['TYPO3_CONF_VARS']['SYS']['formEngine'] nodeRegistry nodeResolver AbstractFormElement renderLabel() wrapWithFieldsetAndLegend()	Custom elements must take care of creating a or tag on their own: If the element creates an , or tag, the should have a for attribute that points to a field having an id attribute.	-	local:14.3.x	13.0/Breaking-97330-FormEngineElementClassesMustCreateLabelOrLegend.rst
97664	Breaking	13.0	FormPersistenceManagerInterface modified	PHP-API NotScanned ext:form	FormPersistenceManagerInterface hasForms()	Add the new method to your extension's implementation of this interface, which also makes it compatible with TYPO3 v12 and TYPO3 v13 at the same time.	-	local:14.3.x	13.0/Breaking-97664-FormPersistenceManagerInterfaceModifed.rst
97664	Feature	13.0	Add search functionality to form manager	Backend ext:form		It's now possible to search for a form definition inside the form manager backend module.	-	local:14.3.x	13.0/Feature-97664-AddSearchFunctionalityToFormManager.rst
99165	Feature	13.0	Add "Edit Metadata" button to element information view	Backend ext:backend		It's now possible to edit a file's Metadata directly in the element information view, which improves the UX (User Experience) as the context is not lost.	-	local:14.3.x	13.0/Feature-99165-AddEditButtonToElementInformation.rst
99323	Breaking	13.0	Removed hook for modifying records after fetching content	PHP-API FullyScanned ext:frontend	$GLOBALS['TYPO3_CONF_VARS']['SC_OPTIONS']['tslib/class.tslib_content_content.php']['modifyDBRow'] ModifyRecordsAfterFetchingContentEvent	The hook is removed without deprecation in order to allow extensions to work with TYPO3 v12 (using the hook) and v13+ (using the new event) when implementing the event as well without any further depr…	-	local:14.3.x	13.0/Breaking-99323-RemovedHookForModifyingRecordsAfterFetchingContent.rst
99323	Feature	13.0	PSR-14 event for modifying records after fetching content	PHP-API ext:frontend	ModifyRecordsAfterFetchingContentEvent $GLOBALS['TYPO3_CONF_VARS']['SC_OPTIONS']['tslib/class.tslib_content_content.php']['modifyDBRow'] getRecords() getFinalContent() getSlide() getSlideCollect() getSlideCollectReverse() getSlideCollectFuzzy() getConfiguration() setRecords() setFinalContent() setSlide() setSlideCollect() setSlideCollectReverse() setSlideCollectFuzzy() setConfiguration() #[AsEventListener]	Using the new PSR-14 event, it's now possible to modify the records fetched by the "Content" ContentObject, before they are being further processed, or even skip TYPO3's default processing of records…	-	local:14.3.x	13.0/Feature-99323-AddModifyRecordsAfterFetchingContentEvent.rst
99485	Feature	13.0	Show the redirect integrity status	Backend ext:redirects	ModifyRedirectManagementControllerViewDataEvent setIntegrityStatusCodes() getIntegrityStatusCodes()	In the redirect module, the conflicting redirects are now marked. In addition, you can now filter for conflicting redirects.	-	local:14.3.x	13.0/Feature-99485-ShowTheRedirectIntegrityStatus.rst
99807	Breaking	13.0	Relocated ModifyUrlForCanonicalTagEvent	PHP-API NotScanned ext:seo	ModifyUrlForCanonicalTagEvent getUrl() string getCanonicalGenerationDisabledException()	Adjust your listeners by respecting the new execution order. Therefore, the event contains the new getCanonicalGenerationDisabledException() method, which can be used to determine whether generation i…	-	local:14.3.x	13.0/Breaking-99807-RelocatedModifyUrlForCanonicalTagEvent.rst
99807	Feature	13.0	Improve ModifyUrlForCanonicalTagEvent	PHP-API ext:seo	ModifyUrlForCanonicalTagEvent no_index CanonicalGenerationDisabledException CanonicalGenerator getCanonicalGenerationDisabledException() null	By relocating and extending the ModifyUrlForCanonicalTagEvent, listeners are now able to fully manipulate the canonical tag generation, even if the generation is disabled and after the standard functi…	-	local:14.3.x	13.0/Feature-99807-ImproveModifyUrlForCanonicalTagEvent.rst
99898	Breaking	13.0	Continuous array keys from GeneralUtility::intExplode	PHP-API NotScanned ext:core	intExplode() $removeEmptyEntries true	Adapt your code to not rely on gaps in the keys anymore.	-	local:14.3.x	13.0/Breaking-99898-ContinuousArrayKeysForIntExplode.rst
99937	Breaking	13.0	Utilize BIGINT database column type for datetime TCA	TCA ext:core NotScanned	'type' => 'datetime' datetime	All extensions that previously declared datetime columns should remove the column definition from ext_tables.sql to utilize the type bigint signed.	-	local:14.3.x	13.0/Breaking-99937-DateTimeTCAFieldsToBigint.rst
100224	Breaking	13.0	MfaViewType migrated to backed enum	Backend PHP-API NotScanned ext:core	MfaViewType equals() MfaProviderInterface $type handleRequest() string value SETUP->value $type->value tryFrom('setup')	To access the string representation of a MfaViewType, use the corresponding value property, e.g. SETUP->value or on a variable, use $type->value. Replace class instantiation by tryFrom('setup').	-	local:14.3.x	13.0/Breaking-100224-MfaViewTypeMigratedToBackedEnum.rst
100229	Breaking	13.0	Convert JSConfirmation to a BitSet	Backend NotScanned ext:backend ext:core ext:filelist	JSConfirmation JsConfirmation BitSet Enumeration matches() setValue() isValid() compare() BackendUserAuthentication->jsConfirmation() int method()	Replace existing usages of JSConfirmation with JsConfirmation.	-	local:14.3.x	13.0/Breaking-100229-ConvertJSConfirmationToBitSet.rst
100268	Feature	13.0	Provide full userdata in password recovery email	Frontend ext:felogin	userData FluidEmail	It is now possible to use the {userData} variable in the Fluid template of the password recovery to access data from the affected frontend user.	-	local:14.3.x	13.0/Feature-100268-ProvideFullUserdataInPasswordRecoveryEmail.rst
100926	Feature	13.0	Introduce `RotatingFileWriter` for log rotation	LocalConfiguration ext:core	RotatingFileWriter FileWriter daily DAILY weekly WEEKLY monthly MONTHLY yearly YEARLY Interval maxFiles	When configured, log files may be rotated before writing a new log entry, depending on the configured `interval`, where DAILY is the default.	-	local:14.3.x	13.0/Feature-100926-IntroduceRotatingFileWriterforLogRotation.rst
100963	Breaking	13.0	Deprecated functionality removed	Backend CLI Database FlexForm Fluid Frontend JavaScript LocalConfiguration PHP-API RTE TCA TSConfig TypoScript PartiallyScanned	ConditionMatcher SilentSiteLanguageFlagMigration HelpButton BrowseTreeView ElementBrowserPageTreeView PageTsConfigLoader PageTsConfig PageTsConfigParser AbstractConditionMatcher InvalidTypoScriptConditionException RequireJsController BackendWorkspaceRestriction FrontendWorkspaceRestriction MissingTsfeException DeprecatingRequestWrapper MagicImageService UserFileInlineLabelService UserFileMountService TypoScriptParser TemplateService ResourceUtility Factory CshViewHelper AbstractPlugin final Driver InlineElementHookInterface RecordListGetTableHookInterface NewContentElementWizardHookInterface ConditionMatcherInterface +299-more-see-rst	Using above removed functionality will most likely raise PHP fatal level errors, may change website output or crashes browser JavaScript.	-	local:14.3.x	13.0/Breaking-100963-DeprecatedFunctionalityRemoved.rst
100966	Breaking	13.0	Remove jquery-ui	Backend JavaScript NotScanned ext:core		TYPO3 does not provide any substitute. In TYPO3 the `draggable` and `resizable` features of `jquery-ui` have been reimplemented in the new custom element .	-	local:14.3.x	13.0/Breaking-100966-RemoveJquery-ui.rst
101113	Feature	13.0	Show if redirects were checked in report	Backend ext:redirects NotScanned	CheckIntegrityCommand	* An additional informational message will appear in the system report, if `checkintegrity` was not run within the last 24 hours * This can be configured in the extension configuration of EXT:redirect…	-	local:14.3.x	13.0/Feature-101113-ShowIfRedirectsWereCheckedInReport.rst
101129	Breaking	13.0	Convert Action to native backed enum	Backend NotScanned ext:linkvalidator ext:recycler ext:reports ext:scheduler	Action Scheduler SchedulerManagementAction ADD EDIT LIST new Action('a-string') tryFrom($aString)	Include the enum SchedulerManagementAction from namespace Scheduler as a replacement for Action.	-	local:14.3.x	13.0/Breaking-101129-ConvertActionToNativeEnum.rst
101131	Breaking	13.0	Convert LoginType to native backed enum	Backend Authentication NotScanned ext:core	LoginType LOGIN LOGOUT LOGIN->value LOGOUT->value tryFrom	Use the new syntax: LOGIN->value LOGOUT->value Alternatively, use the enum method tryFrom to convert a value to an enum.	-	local:14.3.x	13.0/Breaking-101131-ConvertLoginTypeToNativeEnum.rst
101133	Breaking	13.0	IconFactory->getIcon() signature change	Backend NotScanned ext:core	getIcon() IconFactory IconState IconState|IconState $state = null	Adapt the 4th parameter of getIcon() to be of type IconState|IconState $state = null In addition, adapt the code in the body of the method.	-	local:14.3.x	13.0/Breaking-101133-IconFactorySignatureChange.rst
101133	Breaking	13.0	Icon->state changed type	Backend NotScanned ext:core	Icon->state IconState Icon->getState() Icon->setState()	Adapt your code to handle the native enum IconState.	-	local:14.3.x	13.0/Breaking-101133-IconStateChangedType.rst
101133	Deprecation	13.0	IconState class	Backend NotScanned ext:core	IconState IconFactory->getIcon()	The class IconState will be removed in TYPO3 v14.0. Passing an instance of this class to IconFactory->getIcon() will lead to a deprecation level log entry.	-	local:14.3.x	13.0/Deprecation-101133-IconStateClass.rst
101133	Feature	13.0	Native enum IconState	Backend Frontend ext:core	IconState Icon IconFactory	The new IconState native backed enum is meant to be a drop-in replacement for the former IconState class.	-	local:14.3.x	13.0/Feature-101133-IconStateEnum.rst
101137	Breaking	13.0	Page Doktype "Recycler" removed	Backend PHP-API PartiallyScanned ext:core	DOKTYPE_RECYCLER	A migration is in place, it is recommended to use the Recycler module with soft-deleting records.	-	local:14.3.x	13.0/Breaking-101137-PageDoktypeRecyclerRemoved.rst
101143	Breaking	13.0	Strict typing in LinktypeInterface	Backend NotScanned ext:linkvalidator	LinktypeInterface	Ensure that classes that implement LinktypeInterface have the following signatures:	-	local:14.3.x	13.0/Breaking-101143-StrictTypingLinktypeInterface.rst
101149	Breaking	13.0	Mark PageTsBackendLayoutDataProvider as final	Backend NotScanned ext:backend	PageTsBackendLayoutDataProvider	Instead of extending the data provider, it is recommended to register a custom DataProvider for backend layouts, which can already be used since TYPO3 v7.	-	local:14.3.x	13.0/Breaking-101149-MarkPageTsBackendLayoutDataProviderAsFinal.rst
101151	Deprecation	13.0	DuplicationBehavior class	Backend FullyScanned ext:backend ext:core ext:filelist ext:impexp	DuplicationBehavior	The class DuplicationBehavior will be removed in TYPO3 v14.0.	-	local:14.3.x	13.0/Deprecation-101151-DuplicationBehaviorClass.rst
101151	Feature	13.0	Native enum DuplicationBehavior	Backend NotScanned ext:backend ext:core ext:filelist ext:impexp	DuplicationBehavior FileController AbstractFile FileInterface FileReference Folder AbstractOnlineMediaHelper ExtendedFileUtility FileListController ImportController	The new DuplicationBehavior native backed enum is meant to be a drop-in replacement for the former DuplicationBehavior class.	-	local:14.3.x	13.0/Feature-101151-DuplicationBehavior.rst
101163	Deprecation	13.0	Abstract class Enumeration	Backend FullyScanned ext:core	Enumeration	Class definition:	-	local:14.3.x	13.0/Deprecation-101163-Enumeration.rst
101174	Deprecation	13.0	InformationStatus class	Backend PartiallyScanned ext:backend	InformationStatus string $status addSystemInformation() addSystemMessage() SystemInformationToolbarItem E_USER_DEPRECATED	Usage of the class InformationStatus, its constants or methods will trigger a PHP E_USER_DEPRECATED error. The class will be removed in TYPO3 v14.0.	-	local:14.3.x	13.0/Deprecation-101174-InformationStatusClass.rst
101174	Feature	13.0	Native enum InformationStatus	Backend PHP-API ext:backend	InformationStatus NOTICE INFO OK WARNING ERROR isGreaterThan() STATUS_ __default	It's now possible to use the native InformationStatus enum to describe the severity of the system information for the backend toolbar.	-	local:14.3.x	13.0/Feature-101174-InformationStatus.rst
101175	Breaking	13.0	Convert VersionState to native backed enum	Backend NotScanned ext:backend ext:core ext:frontend ext:workspaces	VersionState equals() DEFAULT_STATE NEW_PLACEHOLDER DELETE_PLACEHOLDER MOVE_POINTER *->value) cast() cast()->equals() DEFAULT_STATE->value NEW_PLACEHOLDER->value DELETE_PLACEHOLDER->value MOVE_POINTER->value tryFrom($row['t3ver_state']) tryFrom(...)	Use the new syntax for getting the values: - DEFAULT_STATE->value - NEW_PLACEHOLDER->value - DELETE_PLACEHOLDER->value - MOVE_POINTER->value Class instantiation should be replaced by: - tryFrom($row['…	-	local:14.3.x	13.0/Breaking-101175-ConvertVersionStateToNativeEnum.rst
101175	Deprecation	13.0	Methods in VersionState	Backend NotScanned	cast() VersionState->equals()	Before:	-	local:14.3.x	13.0/Deprecation-101175-VersionState.rst
101186	Breaking	13.0	Strict typing in UnableToLinkException	Backend NotScanned ext:fluid ext:frontend ext:redirects	UnableToLinkException $linkText string	Ensure that the class constructor is called properly, according to the changed signature:	-	local:14.3.x	13.0/Breaking-101186-StrictTypingUnableToLinkException.rst
101192	Breaking	13.0	Remove fallback for CKEditor removePlugins	Backend NotScanned RTE ext:rte_ckeditor		Adjust your CKEditor configuration and pass removePlugins as array.	-	local:14.3.x	13.0/Breaking-101192-RemoveFallbackRemovePlugins.rst
101266	Breaking	13.0	Remove RequireJS	Backend JavaScript PHP-API PartiallyScanned ext:core	'requireJsModules' PageRenderer->loadRequireJs() PageRenderer->loadRequireJsModule() Configuration/JavaScriptModules.php PageRenderer->loadJavaScriptModule()	Migrate your JavaScript from the AMD module format to native ES6 modules and register your configuration in Configuration/JavaScriptModules.php, also see 96510 and t3coreapi:backend-javascript-es6 for…	-	local:14.3.x	13.0/Breaking-101266-RemoveRequireJS.rst
101281	Breaking	13.0	Introduce type declarations in ResourceInterface	FAL PHP-API NotScanned ext:core	ResourceInterface Folder FolderInterface FileReference AbstractFile FileInterface File ProcessedFile getIdentifier() getName() getStorage() getHashedIdentifier() getParentFolder()	Use the same return type declarations as ResourceInterface does.	-	local:14.3.x	13.0/Breaking-101281-IntroduceTypeDeclarationsInResourceInterface.rst
101291	Breaking	13.0	Introduce capabilities bit set	FAL PHP-API NotScanned ext:core	ResourceStorage LocalDriver AbstractDriver BitSet Capabilities getCapabilities() mergeConfigurationCapabilities() CAPABILITY_BROWSABLE CAPABILITY_PUBLIC CAPABILITY_WRITABLE CAPABILITY_HIERARCHICAL_IDENTIFIERS int $capabilities ResourceStorageInterface DriverInterface __toInt()	When using mentioned methods that formerly returned the bit value as integer or expected the bit value as integer parameter need to use the Capabilities class instead.	-	local:14.3.x	13.0/Breaking-101291-IntroduceCapabilitiesBitSet.rst
101294	Breaking	13.0	Introduce type declarations in FileInterface	FAL PHP-API NotScanned ext:core	FileInterface AbstractFile File FileReference ProcessedFile	Return and param type declarations have to be synced with the ones of the interface.	-	local:14.3.x	13.0/Breaking-101294-IntroduceTypeDeclarationsInFileInterface.rst
101305	Breaking	13.0	Introduce type declarations for some methods in GeneralUtility	PHP-API NotScanned ext:core	GeneralUtility addInstance() array2xml() callUserFunction() cmpFQDN() cmpIP() cmpIPv4() cmpIPv6() copyDirectory() createDirectoryPath() createVersionNumberedFilename() explodeUrl2Array() fixPermissions() flushInternalRuntimeCaches() getAllFilesAndFoldersInPath() getBytesFromSizeMeasurement() getClassName() getFileAbsFileName() getFilesInDir() getIndpEnv() getInstances() getLogger() getSingletonInstances() getUrl() get_dirs() get_tag_attributes() implodeArrayForUrl() implodeAttributes() intExplode() isAllowedAbsPath() +41-more-see-rst	Make sure to pass parameters of the required types to the mentioned methods.	-	local:14.3.x	13.0/Breaking-101305-IntroduceTypeDeclarationsInGeneralUtilityMethods.rst
101309	Breaking	13.0	Introduce type declarations in DriverInterface	FAL PHP-API NotScanned ext:core	DriverInterface sanitizeFileName() AbstractDriver AbstractHierarchicalFilesystemDriver LocalDriver $charset	As for the type declarations: Add the same param and return type declarations the interface does.	-	local:14.3.x	13.0/Breaking-101309-IntroduceTypeDeclarationsInDriverInterface.rst
101311	Breaking	13.0	Make the parameter for GeneralUtility::sanitizeLocalUrl required	PHP-API FullyScanned ext:core	sanitizeLocalUrl()	Make sure to pass an argument to sanitizeLocalUrl().	-	local:14.3.x	13.0/Breaking-101311-MakeParameterForGeneralUtilitySanitizeLocalUrlRequired.rst
101327	Breaking	13.0	Harden FileInterface::getSize()	FAL PHP-API NotScanned ext:core	getSize() null 0 FileInterface	Adjust the return type and possible null checks.	-	local:14.3.x	13.0/Breaking-101327-HardenFileInterfacegetSize.rst
101396	Feature	13.0	Let Extbase handle native enums	PHP-API ext:extbase	Enumeration	To implement enums, it is no longer necessary to extend the now deprecated TYPO3 Core class Enumeration.	-	local:14.3.x	13.0/Feature-101396-LetExtbaseHandleNativeEnums.rst
101398	Breaking	13.0	Remove leftover $fetchAllFields in RelationHandler	PHP-API FullyScanned ext:core	RelationHandler $fetchAllFields setFetchAllFields() RelationHandler->setFetchAllFields()	Remove the affected line of code. This method has had no effect since TYPO3 v11.5.0.	-	local:14.3.x	13.0/Breaking-101398-FetchAllFieldsRelationHandler.rst
101469	Breaking	13.0	Introduce type declarations in FolderInterface	FAL PHP-API NotScanned ext:core	FolderInterface Folder InaccessibleFolder	Add the same param and return type declarations the interface does.	-	local:14.3.x	13.0/Breaking-101469-IntroduceTypeDeclarationsInFolderInterface.rst
101471	Breaking	13.0	Introduce type declarations in AbstractDriver	FAL PHP-API NotScanned ext:core	AbstractDriver AbstractHierarchicalFilesystemDriver isValidFilename() getTemporaryPathForFile() canonicalizeAndCheckFilePath() canonicalizeAndCheckFileIdentifier() canonicalizeAndCheckFolderIdentifier() isPathValid()	Add the same param and return type declarations the interface does.	-	local:14.3.x	13.0/Breaking-101471-IntroduceTypeDeclarationsInAbstractDriver.rst
101475	Deprecation	13.0	Icon::SIZE_* string constants	Backend PHP-API PartiallyScanned ext:core	SIZE_DEFAULT SIZE_SMALL SIZE_MEDIUM SIZE_LARGE SIZE_MEGA IconSize Icon->setSize() IconFactory->getIcon() IconFactory->getIconForFileExtension() IconFactory->getIconForRecord() IconFactory->getIconForResource() ModifyIconForResourcePropertiesEvent->getSize() DEFAULT SMALL MEDIUM LARGE MEGA ModifyIconForResourcePropertiesEvent->getIconSize()	Migrate all usages of the aforementioned string constants to the IconSize as follows: * SIZE_DEFAULT -> DEFAULT * SIZE_SMALL -> SMALL * SIZE_MEDIUM -> MEDIUM * SIZE_LARGE -> LARGE * SIZE_MEGA -> MEGA…	-	local:14.3.x	13.0/Deprecation-101475-IconSizeStringConstants.rst
101475	Feature	13.0	IconSizeEnum	Backend PHP-API ext:core	IconSize SIZE_*	The introduced enum acts as a streamlined drop-in replacement for the existing SIZE_* string constants.	-	local:14.3.x	13.0/Feature-101475-IconSizeEnum.rst
101507	Feature	13.0	Hotkey API	Backend JavaScript ext:backend		If properly used, common functionality is easier to access with hotkeys.	-	local:14.3.x	13.0/Feature-101507-HotkeyAPI.rst
101519	Breaking	13.0	Remove `immediate` flag in `DebounceEvent`	JavaScript NotScanned ext:core		There is no direct migration possible. An extension author either may re-implement the removed behavior manually, or use the ThrottleEvent module, providing a similar behavior.	-	local:14.3.x	13.0/Breaking-101519-RemoveImmediateFlagInDebounceEvent.rst
101544	Feature	13.0	Introduce PHP attribute to autoconfigure event listeners	Backend Frontend PHP-API ext:core	AsEventListener __invoke() ListenerProviderPass	Using the PHP attribute AsEventListener, it is now possible to tag any PHP class as an event listener.	-	local:14.3.x	13.0/Feature-101544-IntroducePHPAttributeToAutoconfigureEventListeners.rst
101553	Feature	13.0	Auto-create DB fields from TCA columns	TCA ext:core NotScanned	columns ctrl dbFieldLength select type=select DefaultTcaSchema type = 'category' type = 'datetime' type = 'slug' type = 'json' type = 'uuid' type = 'file' type = 'email' type = 'check' type = 'folder' type = 'imageManipulation' type = 'language' type = 'group' type = 'flex' type = 'text' type = 'password' type = 'color' type = 'radio' type = 'link' type = 'inline' type = 'number' type = 'select' type = 'input' nullable	Extension authors should start removing single column definitions from ext_tables.sql for extensions being compatible with TYPO3 v13 and up.	-	local:14.3.x	13.0/Feature-101553-Auto-createDBFieldsFromTCAColumns.rst
101554	Deprecation	13.0	Obsolete TCA MM_hasUidField	TCA NotScanned ext:core	MM MM_hasUidField multiple multiple = true	Remove all occurrences of php:`MM_hasUidField` from TCA. The uid column is added as primary key automatically, if multiple = true is set, otherwise a combined primary key of the fields uid_local, uid_…	-	local:14.3.x	13.0/Deprecation-101554-ObsoleteTCAMM_hasUidField.rst
101603	Breaking	13.0	Removed hook for overriding icon overlay identifier	Backend PHP-API FullyScanned ext:core	IconFactory']['overrideIconOverlay'] ModifyRecordOverlayIconIdentifierEvent	The hook is removed without deprecation in order to allow extensions to work with TYPO3 v12 (using the hook) and v13+ (using the new event) when implementing the event as well without any further depr…	-	local:14.3.x	13.0/Breaking-101603-RemovedHookForOverridingIconOverlayIdentifier.rst
101603	Feature	13.0	PSR-14 event for modifying record overlay icon identifier	Backend PHP-API ext:core	ModifyRecordOverlayIconIdentifierEvent IconFactory']['overrideIconOverlay'] setOverlayIconIdentifier() getOverlayIconIdentifier() getTable() getRow() getStatus()	It's now possible to modify the overlay icon identifier of any record icon, using the new PSR-14 event ModifyRecordOverlayIconIdentifierEvent.	-	local:14.3.x	13.0/Feature-101603-PSR-14EventForModifyingRecordOverlayIconIdentifier.rst
101612	Breaking	13.0	LinkParameterProviderInterface changed	PHP-API PartiallyScanned ext:backend	LinkParameterProviderInterface getScriptUrl() isCurrentlySelectedItem() getUrlParameters() array	For extensions implementing the interface, the return type for getUrlParameters() can be added in order to be TYPO3 v12+ compatible.	-	local:14.3.x	13.0/Breaking-101612-LinkParameterProviderInterfaceChanged.rst
101612	Feature	13.0	UriBuilder->buildUriFromRequest	Backend PHP-API ext:backend	UriBuilder $this->uriBuilder->buildUriFromRequest($request, ['id' => $id]);	This is typically useful when linking to the current route or module in the TYPO3 backend for extension authors to avoid internals with any PSR-7 request attribute.	-	local:14.3.x	13.0/Feature-101612-UriBuilder-buildUriFromRequest.rst
101647	Breaking	13.0	Unused graphical assets removed from EXT:backend	Backend NotScanned ext:backend		No direct migration is available.	-	local:14.3.x	13.0/Breaking-101647-UnusedGraphicalAssetsRemovedFromEXTbackend.rst
101671	Breaking	13.0	Disable external linktypes by default in EXT:linkvalidator	Backend NotScanned ext:linkvalidator	ExternalLinktype	Either leave external link checking deactivated or find ways to mitigate the problems with external link checking.	-	local:14.3.x	13.0/Breaking-101671-DisableExternalLinktypesByDefaultInEXTlinkvalidator.rst
101700	Feature	13.0	Use Symfony attribute to autoconfigure message handlers	Backend CLI PHP-API ext:core	AsMessageHandler	The registration of services as message handlers has been simplified by respecting the AsMessageHandler attribute.	-	local:14.3.x	13.0/Feature-101700-UseSymfonyAttributeToAutoconfigureMessageHandler.rst
101793	Deprecation	13.0	DataHandler checkStoredRecords properties	Database LocalConfiguration PHP-API FullyScanned ext:core	DataHandler TYPO3_CONF_VARS $GLOBALS['TYPO3_CONF_VARS']['BE']['checkStoredRecords'] $GLOBALS['TYPO3_CONF_VARS']['BE']['checkStoredRecordsLoose'] DataHandler->checkStoredRecords DataHandler->checkStoredRecords_loose settings.php	Extensions aiming for compatibility with TYPO3 v12 and v13 can continue to set the properties DataHandler->checkStoredRecords and DataHandler->checkStoredRecords_loose, they are kept in v13, but funct…	-	local:14.3.x	13.0/Deprecation-101793-DataHandlerCheckStoredRecordsProperties.rst
101799	Deprecation	13.0	ExtensionManagementUtility::addPageTSConfig()	LocalConfiguration PHP-API TSConfig FullyScanned ext:core	addPageTSConfig() $GLOBALS['TYPO3_CONF_VARS']['BE']['defaultPageTSconfig']	Add default page TSconfig to a Configuration/page.tsconfig file within an extension and remove calls to addPageTSConfig().	-	local:14.3.x	13.0/Deprecation-101799-ExtensionManagementUtilityaddPageTSConfig.rst
101807	Deprecation	13.0	ExtensionManagementUtility::addUserTSConfig()	LocalConfiguration PHP-API TSConfig FullyScanned ext:core	addUserTSConfig() $GLOBALS['TYPO3_CONF_VARS']['BE']['defaultUserTSconfig']	Add default user TSconfig to a Configuration/user.tsconfig file within an extension and remove calls to addUserTSConfig().	-	local:14.3.x	13.0/Deprecation-101807-ExtensionManagementUtilityaddUserTSConfig.rst
101807	Feature	13.0	Automatic inclusion of user TSconfig of extensions	TSConfig ext:core	addUserTSConfig() $TYPO3_CONF_VARS[SYS][defaultUserTSconfig]	When a file is created, the user TSconfig is loaded automatically without a custom registration, cached within the Core caches, and more performant than the existing registration format.	-	local:14.3.x	13.0/Feature-101807-AutomaticInclusionOfUserTSconfigOfExtensions.rst
101818	Feature	13.0	BeforeLoadedPageTsConfigEvent	Backend PHP-API TSConfig ext:core	BeforeLoadedPageTsConfigEvent	Developers are able to define an event listener which is dispatched before any other page TSconfig is loaded.	-	local:14.3.x	13.0/Feature-101818-BeforeLoadedPageTsConfigEvent.rst
101820	Breaking	13.0	Remove bootstrap jQuery interface and window.jQuery	Backend JavaScript NotScanned ext:core		Use bootstrap's ES6 exports import { Carousel } from 'bootstrap'; instead.	-	local:14.3.x	13.0/Breaking-101820-RemoveBootstrapJQueryInterfaceAndWindowJQuery.rst
101822	Breaking	13.0	Change callback interruption in `@typo3/backend/document-save-actions`	Backend JavaScript NotScanned ext:backend		Callbacks now need to return a boolean value, where returning false will abort the callback execution chain.	-	local:14.3.x	13.0/Breaking-101822-ChangeCallbackInterruptionInTypo3backenddocument-save-actions.rst
101838	Feature	13.0	BeforeLoadedUserTsConfigEvent	Backend PHP-API TSConfig ext:core	BeforeLoadedUserTsConfigEvent	Developers are able to define an event listener which is dispatched before any other user TSconfig is loaded.	-	local:14.3.x	13.0/Feature-101838-BeforeLoadedUserTsConfigEvent.rst
101843	Feature	13.0	Allow configuration of color palettes in FormEngine	Backend TSConfig ext:backend		In case commonly used colors or, for example, colors defined in a corporate design should be made accessible in an easy way, integrators may configure multiple color palettes to be used in FormEngine…	-	local:14.3.x	13.0/Feature-101843-AllowConfigurationOfColorPalettesInFormEngine.rst
101912	Deprecation	13.0	Passing jQuery objects to FormEngine validation	Backend JavaScript NotScanned ext:backend		Do not pass jQuery-based objects into the deprecated methods. Consider migrating away from jQuery at all, or use $field.get(0) as interim solution.	-	local:14.3.x	13.0/Deprecation-101912-DeprecatedPassingJQueryObjectsToFormEngineValidation.rst
101933	Breaking	13.0	Dispatch AfterUserLoggedInEvent for frontend user login	Backend NotScanned ext:backend	AfterUserLoggedInEvent $user	If custom functionality in a listener to the AfterUserLoggedInEvent event should be executed for the backend user login only, a type check for the $user property must be added.	-	local:14.3.x	13.0/Breaking-101933-DispatchAfterUserLoggedInEventForFrontendUserLogin.rst
101933	Feature	13.0	Dispatch AfterUserLoggedInEvent for frontend user login	Frontend PHP-API ext:frontend	AfterUserLoggedInEvent	It is now possible to modify and adapt user functionality based on successful frontend user login.	-	local:14.3.x	13.0/Feature-101933-DispatchAfterUserLoggedInEventForFrontendUserLogin.rst
101941	Breaking	13.0	Various GFX-related legacy options removed	FAL Frontend LocalConfiguration PHP-API TypoScript FullyScanned ext:core	GraphicalFunctions->dontCompress GraphicalFunctions->IMreduceColors() gifCompress() $GLOBALS['TYPO3_CONF_VARS']['GFX']['gif_compress'] $GLOBALS['TYPO3_CONF_VARS']['GFX']['thumbnails_png']	For 99% of the installations, these options have been activated already, so there is no change necessary when upgrading and also no visual change.	-	local:14.3.x	13.0/Breaking-101941-VariousGFX-relatedLegacyOptionsRemoved.rst
101948	Breaking	13.0	File-based AbstractRepository class removed	FAL PHP-API PartiallyScanned ext:core	AbstractRepository FileRepository ProcessedFileRepository findFileReferenceByUid() getFileReferenceObject() ResourceFactory File ResourceStorage makeInstance()	Only extension authors working with the low-level API of File Abstraction Layer would need to adapt their code to be type-safe.	-	local:14.3.x	13.0/Breaking-101948-FileBasedAbstractRepositoryClassRemoved.rst
101950	Breaking	13.0	Removed legacy setting 'GFX/processor_allowTemporaryMasksAsPng'	LocalConfiguration FullyScanned ext:core	$GLOBALS['TYPO3_CONF_VARS']['GFX']['processor_allowTemporaryMasksAsPng']	The configuration value has been removed without replacement. No migration is necessary.	-	local:14.3.x	13.0/Breaking-101950-RemovedLegacySettingGFXprocessor_allowTemporaryMasksAsPng.rst
101955	Breaking	13.0	Removed public methods related to Image Generation	PHP-API FullyScanned ext:core	GraphicalFunctions GifBuilder GraphicalFunctions->adjust() GraphicalFunctions->applyImageMagickToPHPGif() GraphicalFunctions->applyOffset() GraphicalFunctions->autolevels() GraphicalFunctions->convertColor() GraphicalFunctions->copyImageOntoImage() GraphicalFunctions->crop() GraphicalFunctions->destroy() GraphicalFunctions->getTemporaryImageWithText() GraphicalFunctions->hexColor() GraphicalFunctions->imageCreateFromFile() GraphicalFunctions->ImageTTFBBoxWrapper() GraphicalFunctions->ImageTTFTextWrapper() GraphicalFunctions->ImageWrite() GraphicalFunctions->inputLevels() GraphicalFunctions->makeBox() GraphicalFunctions->makeEffect() GraphicalFunctions->makeEllipse() GraphicalFunctions->makeEmboss() GraphicalFunctions->makeOutline() GraphicalFunctions->makeShadow() GraphicalFunctions->makeText() GraphicalFunctions->maskImageOntoImage() GraphicalFunctions->output() GraphicalFunctions->outputLevels() GraphicalFunctions->scale() GraphicalFunctions->splitString() GraphicalFunctions->unifyColors() +17-more-see-rst	Use static analysis tools such as PHPStan or Psalm to detect if PHP code of custom extensions is affected, and make use of GifBuilder class instead of GraphicalFunctions when needing GDLib functionali…	-	local:14.3.x	13.0/Breaking-101955-RemovedPublicMethodsRelatedToImageGeneration.rst
101970	Feature	13.0	Ajax API accepts native URL and URLSearchParams objects as arguments	JavaScript ext:core		The constructor now accepts a URL object as argument, along with the already established `string` type. Also, the withQueryArguments() method accepts an object of type URLSearchParams as argument.	-	local:14.3.x	13.0/Feature-101970-AJAXAPIAcceptsNativeURLAndURLSearchParamsObjectsAsArguments.rst
102009	Breaking	13.0	imagesizes cache removed	Database PHP-API PartiallyScanned ext:core	getimagesizes() GraphicalFunctions->cacheImageDimensions() GraphicalFunctions->getCachedImageDimensions() GraphicalFunctions->getImageDimensions() Imageinfo GraphicalFunctions	The now unused database tables are automatically removed when using the database compare update is called.	-	local:14.3.x	13.0/Breaking-102009-ImagesizesCacheRemoved.rst
102020	Breaking	13.0	Removed legacy setting 'GFX/gdlib_png'	LocalConfiguration NotScanned ext:core	$gifExtension GifBuilder imageMagickConvert	The configuration value has been removed without replacement. `GFX/processor_colorspace` is automatically migrated to the recommended value for setups using the default configuration.	-	local:14.3.x	13.0/Breaking-102020-RemovedLegacySettingGFXgdlib_png.rst
102023	Breaking	13.0	Remove security.usePasswordPolicyForFrontendUsers	Backend Frontend NotScanned ext:felogin	security.usePasswordPolicyForFrontendUsers $GLOBALS['TYPO3_CONF_VARS']['FE']['passwordPolicy']	To disable the password policy for frontend users, $GLOBALS['TYPO3_CONF_VARS']['FE']['passwordPolicy'] must be set to an empty string.	-	local:14.3.x	13.0/Breaking-102023-RemoveSecurityusePasswordPolicyForFrontendUsers.rst
102032	Deprecation	13.0	AbstractFile::FILETYPE_* constants	Backend FullyScanned ext:core	int FILETYPE_UNKNOWN FILETYPE_TEXT FILETYPE_IMAGE FILETYPE_AUDIO FILETYPE_VIDEO FILETYPE_APPLICATION FILETYPE_* FileType UNKNOWN->value TEXT->value IMAGE->value AUDIO->value VIDEO->value APPLICATION->value	Migrate all usages to use the new enum FileType as follows: * FILETYPE_UNKNOWN -> UNKNOWN->value * FILETYPE_TEXT -> TEXT->value * FILETYPE_IMAGE -> IMAGE->value * FILETYPE_AUDIO -> AUDIO->value * FILE…	-	local:14.3.x	13.0/Deprecation-102032-AbstractFileConstants.rst
102032	Feature	13.0	Native enum FileType	Backend FullyScanned ext:core	FileType AbstractFile FILETYPE_* FILETYPE_UNKNOWN FILETYPE_TEXT FILETYPE_IMAGE FILETYPE_AUDIO FILETYPE_VIDEO FILETYPE_APPLICATION	The new FileType native backed enum is meant to be a drop-in replacement for the former public FILETYPE_* constants: * FILETYPE_UNKNOWN * FILETYPE_TEXT * FILETYPE_IMAGE * FILETYPE_AUDIO * FILETYPE_VID…	-	local:14.3.x	13.0/Feature-102032-FileType.rst
102067	Feature	13.0	PSR-14 BeforeTcaOverridesEvent	Backend PHP-API TCA ext:core	BeforeTcaOverridesEvent $GLOBALS['TCA'] $event->getTca()	The new PSR-14 event can be used to dynamically generate TCA and add it as additional base TCA.	-	local:14.3.x	13.0/Feature-102067-BeforeTcaOverridesEvent.rst
102072	Feature	13.0	Allow redirect filtering by "protected" state	ext:redirects	protected	The administration of redirects has become more user-friendly, because users can now easily filter protected redirects in the Redirects administration module.	-	local:14.3.x	13.0/Feature-102072-AllowRedirectFilteringByProtectedState.rst
102077	Feature	13.0	Allow custom default value in getFormValue() conditions function	YAML ext:form		Form variant conditions can be shortened.	-	local:14.3.x	13.0/Feature-102077-AllowCustomDefaultValueInGetFormValueConditionsFunction.rst
102108	Breaking	13.0	TCA `[types][bitmask_*]` settings	TCA FullyScanned ext:backend	$GLOBALS['TCA']['someTable']['types']['bitmask_excludelist_bits'] $GLOBALS['TCA']['someTable']['types']['bitmask_value_field'] 'type' => 'check' 'type' => 'radio' $GLOBALS['TCA']['someTable']['ctrl']['type']	In case extensions still use these two rather obscure settings, they should switch to casual $GLOBALS['TCA']['someTable']['ctrl']['type'] fields instead, which can be powered by columns based on strin…	-	local:14.3.x	13.0/Breaking-102108-TCATypesbitmask_Settings.rst
102113	Breaking	13.0	Removed legacy setting 'GFX/gdlib'	LocalConfiguration FullyScanned ext:core	GdImage $GLOBALS['TYPO3_CONF_VARS']['GFX']['gdlib'] class))	The configuration value has been removed without replacement. Custom code that relied on $GLOBALS['TYPO3_CONF_VARS']['GFX']['gdlib'] should instead adopt the simpler check class)).	-	local:14.3.x	13.0/Breaking-102113-RemovedLegacySettingGFXgdlib.rst
102130	Important	13.0	Optimizing T3D Import/Export module	Backend NotScanned ext:impexp	DataHandler RefIndex	The Import/Export backend module is based on code that is very hard to maintain, and is tightly coupled with both the DataHandler and RefIndex routines.	-	local:14.3.x	13.0/Important-102130-ImpExpModification.rst
102146	Breaking	13.0	Removed legacy setting 'BE/flexformForceCDATA'	LocalConfiguration PartiallyScanned ext:core	$GLOBALS['TYPO3_CONF_VARS']['BE']['flexformForceCDATA'] useCDATA array2xml()	No direct migration possible.	-	local:14.3.x	13.0/Breaking-102146-RemovedLegacySettingBEflexformForceCDATA.rst
102151	Breaking	13.0	XML prologue always added in flexArray2Xml()	FlexForm PHP-API FullyScanned ext:core	$addPrologue = false FlexFormTools->flexArray2Xml() xml2array()	No data migration needed, PHP consumers should drop the second argument when calling the method.	-	local:14.3.x	13.0/Breaking-102151-XMLPrologueAlwaysAddedInFlexArray2Xml.rst
102165	Breaking	13.0	File Abstraction Layer: Processing APIs and interface changed	FAL PHP-API PartiallyScanned ext:core	TaskInterface __construct() sanitizeConfiguration() AbstractGraphicalTask Task getName() getType() $name $type ProcessedFile AbstractTask	Implementing a custom FAL processing task will require the extension author to adapt to the new interface requirements.	-	local:14.3.x	13.0/Breaking-102165-FileAbstractionLayerProcessingAPIsAndInterfaceChanged.rst
102177	Feature	13.0	WebP support for images generated by GIFBUILDER	FAL TypoScript ext:frontend	$TYPO3_CONF_VARS['GFX']['webp_quality']	If defined via format=webp within a GifBuilder setup, the generated files are now webp instead of png (the default).	-	local:14.3.x	13.0/Feature-102177-WebPSupportForImagesGeneratedByGIFBUILDER.rst
102181	Breaking	13.0	Removed CLI options using `bin/typo3 cleanup:flexforms`	CLI FlexForm NotScanned ext:lowlevel	lowlevel type="flex"	No migration, remove the above mentioned options.	-	local:14.3.x	13.0/Breaking-102181-RemovedCLIOptionsUsingBintypo3Cleanupflexforms.rst
102224	Breaking	13.0	TemplaVoila related FlexForm dataStructure lookups	FlexForm PHP-API TCA PartiallyScanned ext:core	'type' = 'flex' ['config']['ds_pointerField_searchParent'] ['config']['ds_pointerField_searchParent_subField'] ['config']['ds_tableField'] InvalidParentRowException InvalidParentRowLoopException InvalidParentRowRootException InvalidPointerFieldValueException flex ['ds']['default'] ds_pointerField ds_pointerField_searchParent ds_pointerField_searchParent_subField ds_tableField FlexFormTools	There are appropriate events that allow manipulating the data structure lookup logic in class FlexFormTools.	-	local:14.3.x	13.0/Breaking-102224-TemplaVoilaRelatedFlexFormDataStructureLookups.rst
102229	Breaking	13.0	Removed FlexFormTools->traverseFlexFormXMLData()	FlexForm PHP-API FullyScanned ext:core	FlexFormTools $reNumberIndexesOfSectionData $flexArray2Xml_options $callBackObj $cleanFlexFormXML traverseFlexFormXMLData() traverseFlexFormXMLData_recurse() cleanFlexFormXML_callBackFunction() cleanFlexFormXML() flexArray2Xml() migrateFlexFormTcaRecursive()	If at all, method traverseFlexFormXMLData() is probably the one used in extensions. The easiest way is to copy the method and it's recursive worker method to an own class.	-	local:14.3.x	13.0/Breaking-102229-RemovedFlexFormTools-traverseFlexFormXMLData.rst
102260	Breaking	13.0	Removed TCA ['softref'] = 'notify'	TCA NotScanned ext:core	TCA input text config softref notify NotifySoftReferenceParser SoftReferenceParserFactory	Remove key notify from TCA columns softref list.	-	local:14.3.x	13.0/Breaking-102260-RemovedTCASoftrefNotify.rst
102402	Important	13.0	Extended Doctrine DBAL Platform classes	Database PHP-API ext:core	@internal instanceof MySQL80Platform MySQL57Platform MySQLPlatform AbstractMySQLPlatform AbstractPlatform	The Core needs to adapt some internal classes to prepare towards `doctrine/dbal` major version 4.x.	-	local:14.3.x	13.0/Important-102402-ExtendedDoctrineDBALPlatformClasses.rst
102440	Breaking	13.0	EXT:t3editor merged into EXT:backend	Backend JavaScript PHP-API NotScanned ext:t3editor	isLoaded('t3editor')	Extension checks using isLoaded('t3editor') don't have an effect anymore and must get removed. In addition, please see deprecation-102440-1700638677.	-	local:14.3.x	13.0/Breaking-102440-EXTt3editorMergedIntoEXTbackend.rst
102440	Deprecation	13.0	EXT:t3editor merged into EXT:backend	Backend JavaScript TCA NotScanned ext:t3editor		The JavaScript module namespace @typo3/t3editor/ maps to @typo3/backend/code-editor/. Rewrite all TCA render types usages of `t3editor` to `codeEditor`.	-	local:14.3.x	13.0/Deprecation-102440-EXTt3editorMergedIntoEXTBackend.rst
102496	Feature	13.0	Introduce global Doctrine DBAL driver middlewares	Database PHP-API ext:core	Middleware DoctrineSqlLoggingMiddleware	Using custom global middlewares allows to enhance the functionality of Doctrine components for all connections.	-	local:14.3.x	13.0/Feature-102496-IntroduceGlobalDoctrineDBALDriverMiddlewares.rst
102499	Breaking	13.0	User TSconfig setting "overridePageModule" removed	Backend TSConfig NotScanned ext:backend		In order to replace the Page module within a third-party extension such as TemplaVoila, it is possible to create a custom module entry in an extensions' Configuration/Backend/Modules.php with the foll…	-	local:14.3.x	13.0/Breaking-102499-UserTSconfigSettingOverridePageModuleRemoved.rst
102518	Breaking	13.0	Database engine version requirements	Database PHP-API NotScanned ext:core		TYPO3 v12 supports MariaDB 10.4.3 or MySQL 8.0.17 and higher database engines required by v13. This allows upgrading the platform in a first step and upgrading to TYPO3 v13 in a second step.	-	local:14.3.x	13.0/Breaking-102518-DatabaseEngineVersionRequirements.rst
102551	Important	13.0	FlexForm section `_TOGGLE` control removed	FlexForm ext:backend		Historically, FlexForms store their section collapsing state within the flex structure in the database, having the impact that the state is reflected to every backend user.	-	local:14.3.x	13.0/Important-102551-FlexFormSection_TOGGLEControlRemoved.rst
102581	Breaking	13.0	Removed hook for manipulating ContentObjectRenderer	Frontend PHP-API FullyScanned ext:frontend	$GLOBALS['TYPO3_CONF_VARS']['SC_OPTIONS']['tslib/class.tslib_content.php']['postInit'] AfterContentObjectRendererInitializedEvent	The hook is removed without deprecation in order to allow extensions to work with TYPO3 v12 (using the hook) and v13+ (using the new event) when implementing the event as well without any further depr…	-	local:14.3.x	13.0/Breaking-102581-RemovedHookForManipulatingContentObjectRenderer.rst
102581	Deprecation	13.0	Unused Interface for ContentObjectRenderer hook	Frontend PHP-API FullyScanned ext:frontend	$GLOBALS['TYPO3_CONF_VARS']['SC_OPTIONS']['tslib/class.tslib_content.php']['postInit'] ContentObjectPostInitHookInterface	The PHP interface is still available for TYPO3 v13, so extensions can provide a version which is compatible with TYPO3 v12 (using the hook) and TYPO3 v13 (using the new PSR-14 event), at the same time…	-	local:14.3.x	13.0/Deprecation-102581-UnusedInterfaceForContentObjectRendererHook.rst
102581	Feature	13.0	PSR-14 event for modifying ContentObjectRenderer	Frontend PHP-API ext:frontend	AfterContentObjectRendererInitializedEvent $GLOBALS['TYPO3_CONF_VARS']['SC_OPTIONS']['tslib/class.tslib_content.php']['postInit'] ContentObjectRenderer start() getContentObjectRenderer() #[AsEventListener]	Using the new PSR-14 event, it's now possible to modify the ContentObjectRenderer instance, after it has been initialized.	-	local:14.3.x	13.0/Feature-102581-PSR-14EventForModifyingContentObjectRenderer.rst
102582	Feature	13.0	Allow CLI command cleanup:localprocessedfiles to reset all records	Backend CLI NotScanned ext:lowlevel		It is now possible to use the --all CLI command option for bin/typo3 cleanup:localprocessedfiles that allows to not only clear missing processed files, but also existing ones.	-	local:14.3.x	13.0/Feature-102582-AllowCLICommandCleanupLocalprocessedfilesToResetAllRecords.rst
102583	Breaking	13.0	Removed context aspect typoscript	Frontend PHP-API PartiallyScanned ext:core	Context typoscript TypoScriptAspect forcedTemplateParsing	No direct migration possible. There should be little reason for extensions to work with this EXT:adminpanel related detail.	-	local:14.3.x	13.0/Breaking-102583-RemovedContextAspectTyposcript.rst
102586	Deprecation	13.0	Deprecate simple string connection driver middleware registration	Database PHP-API NotScanned ext:core	class,' Typo3Version	Simple driver middleware registration, for example	-	local:14.3.x	13.0/Deprecation-102586-DeprecateSimpleStringConnectionDriverMiddlewareRegistration.rst
102586	Feature	13.0	Introduce sortable Doctrine DBAL middleware registration	Database PHP-API ext:core	class,' DependencyOrderingService	Using custom driver middlewares allows to enhance the functionality of Doctrine components for all connections or a specific connection and have control over the sorting configuration - and it's now a…	-	local:14.3.x	13.0/Feature-102586-IntroduceSortableDoctrineDBALMiddlewareRegistration.rst
102587	Feature	13.0	Introduce driver middleware interface UsableForConnectionInterface	Database PHP-API ext:core	Middleware UsableForConnectionInterface $connectionName $connectionParams $connectionParams['driver'] canBeUsedForConnection()	Extension author can provide conditional-based Doctrine driver middlewares by implementing the UsableForConnectionInterface along with the canBeUsedForConnection() method.	-	local:14.3.x	13.0/Feature-102587-IntroduceDriverMiddlewareInterfaceUsableForConnectionInterface.rst
102590	Breaking	13.0	TSFE->generatePage_preProcessing() removed	Frontend PHP-API FullyScanned ext:frontend	TypoScriptFrontendController->generatePage_preProcessing() @internal TypoScriptFrontendController->no_cache false true	No migration, do not call the method anymore.	-	local:14.3.x	13.0/Breaking-102590-TSFE-generatePage_preProcessingRemoved.rst
102600	Breaking	13.0	TSFE->applicationData removed	Frontend PHP-API FullyScanned ext:frontend	TypoScriptFrontendController->applicationData TypoScriptFrontendController applicationData $GLOBALS['TSFE']->applicationData EnableIndexingEvent $GLOBALS['TSFE']	There are various solutions to communicate state to avoid applicationData: In some cases, an extension could establish a frontend middleware and attach a request attribute that carries the state.	-	local:14.3.x	13.0/Breaking-102600-TSFE-applicationDataRemoved.rst
102605	Breaking	13.0	TSFE->fe_user removed	Frontend PHP-API FullyScanned ext:frontend	TypoScriptFrontendController->fe_user TypoScriptFrontendController fe_user frontend.user Context $GLOBALS['TSFE']->fe_user UserAspect FrontendUserAuthentication @internal ActionController	There are two possible migrations. First, a limited information list of frontend user details can be retrieved using the Context aspect frontend.user in frontend calls.	-	local:14.3.x	13.0/Breaking-102605-TSFE-fe_userRemoved.rst
102614	Breaking	13.0	Removed Hook for manipulating GetData result	Frontend PHP-API FullyScanned ext:frontend	$GLOBALS['TYPO3_CONF_VARS']['SC_OPTIONS']['tslib/class.tslib_content.php']['getData'] AfterGetDataResolvedEvent getData() $secVal	The hook is removed without deprecation in order to allow extensions to work with TYPO3 v12 (using the hook) and v13+ (using the new event) when implementing the event as well without any further depr…	-	local:14.3.x	13.0/Breaking-102614-RemovedHookForManipulatingGetDataResult.rst
102614	Deprecation	13.0	Unused Interface for GetData Hook	Frontend PHP-API FullyScanned ext:frontend	$GLOBALS['TYPO3_CONF_VARS']['SC_OPTIONS']['tslib/class.tslib_content.php']['getData'] ContentObjectGetDataHookInterface	The PHP interface is still available for TYPO3 v13, so extensions can provide a version which is compatible with TYPO3 v12 (using the hook) and TYPO3 v13 (using the new PSR-14 event), at the same time…	-	local:14.3.x	13.0/Deprecation-102614-UnusedInterfaceForGetDataHook.rst
102614	Feature	13.0	PSR-14 event for modifying GetData result	Frontend PHP-API ext:frontend	AfterGetDataResolvedEvent $GLOBALS['TYPO3_CONF_VARS']['SC_OPTIONS']['tslib/class.tslib_content.php']['getData'] ContentObjectRenderer->getData() $secVal getData() setResult() getResult() getParameterString() getAlternativeFieldArray() getContentObjectRenderer() ContentObjectRenderer #[AsEventListener]	Using the new PSR-14 event, it's now possible to modify the resolved getData() result.	-	local:14.3.x	13.0/Feature-102614-PSR-14EventForModifyingGetDataResult.rst
102621	Breaking	13.0	Most TSFE members marked internal or read-only	Frontend PHP-API PartiallyScanned ext:frontend	TypoScriptFrontendController @internal ContentObjectRenderer $GLOBALS['TSFE'] id TypoScriptFrontendController->id $request->getAttribute('frontend.page.information')->getId() TypoScriptFrontendController->rootLine $request->getAttribute('frontend.page.information')->getRootLine() TypoScriptFrontendController->page $request->getAttribute('frontend.page.information')->getPageRecord() TypoScriptFrontendController->contentPid $request->getAttribute('frontend.page.information')->getContentFromPid() TypoScriptFrontendController->sys_page class) TypoScriptFrontendController->config['config'] $request->getAttribute('frontend.typoscript')->getConfigArray() TypoScriptFrontendController->config['rootLine'] $request->getAttribute('frontend.page.information')->getLocalRootLine() TypoScriptFrontendController->cObj setRequest($request) start($request->getAttribute('frontend.page.information')->getPageRecord(), 'pages') TypoScriptFrontendController->absRefPrefix TypoScriptFrontendController->no_cache frontend.cache.instruction TypoScriptFrontendController->additionalHeaderData TypoScriptFrontendController->additionalFooterData TypoScriptFrontendController->register TypoScriptFrontendController->registerStack TypoScriptFrontendController->recordRegister +35-more-see-rst	The migration strategy depends on the specific use case. The frontend rendering chain continues to add state that is needed by extensions as PSR-7 request attributes.	-	local:14.3.x	13.0/Breaking-102621-MostTSFEMembersMarkedInternalOrRead-only.rst
102624	Breaking	13.0	PSR-14 Event for modifying image source collection	Frontend PHP-API FullyScanned ext:frontend	$GLOBALS['TYPO3_CONF_VARS']['SC_OPTIONS']['tslib/class.tslib_content.php']['getImageSourceCollection'] ModifyImageSourceCollectionEvent	The hook is removed without deprecation in order to allow extensions to work with TYPO3 v12 (using the hook) and v13+ (using the new event) when implementing the event as well without any further depr…	-	local:14.3.x	13.0/Breaking-102624-RemovedHookForManipulatingImageSourceCollection.rst
102624	Deprecation	13.0	Unused Interface for getImageSourceCollection Hook	Frontend PHP-API FullyScanned ext:frontend	$GLOBALS['TYPO3_CONF_VARS']['SC_OPTIONS']['tslib/class.tslib_content.php']['getImageSourceCollection'] ContentObjectOneSourceCollectionHookInterface	The PHP interface is still available for TYPO3 v13, so extensions can provide a version which is compatible with TYPO3 v12 (using the hook) and TYPO3 v13 (using the new PSR-14 event), at the same time…	-	local:14.3.x	13.0/Deprecation-102624-UnusedInterfaceForGetImageSourceCollectionHook.rst
102624	Feature	13.0	PSR-14 event for modifying image source collection	Frontend PHP-API ext:frontend	ModifyImageSourceCollectionEvent $GLOBALS['TYPO3_CONF_VARS']['SC_OPTIONS']['tslib/class.tslib_content.php']['getImageSourceCollection'] ContentObjectRenderer->getImageSourceCollection() sourceCollection getImageSourceCollection() setSourceCollection() getSourceCollection() getFullSourceCollection() getSourceConfiguration() getSourceRenderConfiguration() getContentObjectRenderer() ContentObjectRenderer #[AsEventListener] ImageContentObject	Using the new PSR-14 event, it's now possible to manipulate the sourceCollection's, used for an ImageContentObject.	-	local:14.3.x	13.0/Feature-102624-PSR-14EventForModifyingImageSourceCollection.rst
102627	Breaking	13.0	Removed special properties of page arrays in PageRepository	Database PHP-API NotScanned ext:core	_PAGES_OVERLAY_UID _PAGES_OVERLAY _PAGES_OVERLAY_LANGUAGE _PAGES_OVERLAY_REQUESTEDLANGUAGE PageRepository->getPage() PageRepository->getLanguageOverlay() _LOCALIZED_UID isset($page['_LOCALIZED_UID') $page['sys_language_uid'] _REQUESTED_OVERLAY_LANGUAGE	The value of the previous _PAGES_OVERLAY_UID property is now available in _LOCALIZED_UID making it consistent with all database record overlays across the system.	-	local:14.3.x	13.0/Breaking-102627-RemovedSpecialPropertiesOfPageArraysInPageRepository.rst
102628	Feature	13.0	Cache instruction middleware	Frontend PHP-API ext:frontend	frontend.cache.instruction CacheInstruction TyposcriptFrontendController->no_cache noCache typo3/cms-frontend/tsfe	The attribute can be used by middlewares to disable cache mechanics of the frontend rendering. In early middlewares before typo3/cms-frontend/tsfe, the attribute may or may not exist already.	-	local:14.3.x	13.0/Feature-102628-CacheInstructionMiddleware.rst
102631	Deprecation	13.0	Deprecated Controller attribute for auto configuring backend controllers	Backend PHP-API FullyScanned ext:backend	Controller AsController	Replace usages with the new attribute AsController in custom extension code.	-	local:14.3.x	13.0/Deprecation-102631-DeprecatedControllerAttributeForAutoConfiguringBackendControllers.rst
102631	Feature	13.0	Introduce AsController attribute to autoconfigure backend controllers	Backend PHP-API ext:backend	AsController Controller	It's now possible to automatically tag a backend controller by adding the new PHP attribute AsController.	-	local:14.3.x	13.0/Feature-102631-IntroduceAsControllerAttributeToAutoconfigureBackendControllers.rst
102632	Breaking	13.0	Use strict types in Extbase	Backend Frontend NotScanned ext:extbase	$view ActionController Annotation IgnoreValidation Cascade Validate AbstractDomainObject DomainObjectInterface AbstractFileFolder Category FileReference File LazyObjectStorage PersistenceManager QuerySettingsInterface Typo3QuerySettings ObjectStorage PersistenceManagerInterface	Ensure classes that extend the changed classes use strict types for overwritten properties, function arguments and return types.	-	local:14.3.x	13.0/Breaking-102632-UseStrictTypesInExtbase.rst
102645	Breaking	13.0	More strict Context handling	PHP-API PartiallyScanned ext:core	Context makeInstance() __construct() ContextAwareInterface ContextAwareTrait new	The constructor of the Context class was bogus. Since the class is an injectable singleton that should be available through the container, it must not have manual constructor arguments since this woul…	-	local:14.3.x	13.0/Breaking-102645-MoreStrictContextHandling.rst
102715	Breaking	13.0	Frontend "determineId()" related events changed	Frontend PHP-API PartiallyScanned ext:frontend	TypoScriptFrontendController BeforePageIsResolvedEvent AfterPageWithRootLineIsResolvedEvent AfterPageAndLanguageIsResolvedEvent getController() PageInformation TypoScriptFrontendInitialization getPageInformation() setPageInformation()	Use method getPageInformation() instead to retrieve calculated page state at this point in the frontend rendering chain.	-	local:14.3.x	13.0/Breaking-102715-FrontendDetermineIdRelatedEventsChanged.rst
102715	Feature	13.0	New frontend.page.information request attribute	Frontend PHP-API ext:frontend	frontend.page.information PageInformation TyposcriptFrontendController TypoScriptFrontendInitialization	There are three properties in TyposcriptFrontendController frequently used by extensions, which are now modeled in PageInformation.	-	local:14.3.x	13.0/Feature-102715-NewFrontendpageinformationRequestAttribute.rst
102731	Breaking	13.0	Removed TypoScript setting showForgotPasswordLink in ext:felogin	Frontend TypoScript NotScanned ext:felogin	showForgotPasswordLink showForgotPassword	Use showForgotPassword instead of showForgotPasswordLink, which is available since TYPO3 v11.	-	local:14.3.x	13.0/Breaking-102731-RemovedTypoScriptSettingShowForgotPasswordLinkInExtfelogin.rst
102745	Breaking	13.0	Removed ContentObject stdWrap hook	Frontend PHP-API FullyScanned ext:frontend	$GLOBALS['TYPO3_CONF_VARS']['SC_OPTIONS']['tslib/class.tslib_content.php']['stdWrap'] BeforeStdWrapFunctionsInitializedEvent AfterStdWrapFunctionsInitializedEvent BeforeStdWrapFunctionsExecutedEvent AfterStdWrapFunctionsExecutedEvent	The hook is removed without deprecation in order to allow extensions to work with TYPO3 v12 (using the hook) and v13+ (using the new events) when implementing the events as well without any further de…	-	local:14.3.x	13.0/Breaking-102745-RemovedContentObjectStdWrapHook.rst
102745	Deprecation	13.0	Unused interface for stdWrap hook	Frontend PHP-API FullyScanned ext:frontend	ContentObjectStdWrapHookInterface	The PHP interface is still available for TYPO3 v13, so extensions can provide a version which is compatible with TYPO3 v12 (using the hook) and TYPO3 v13 (using the new PSR-14 events), at the same tim…	-	local:14.3.x	13.0/Deprecation-102745-UnusedInterfaceForStdWrapHook.rst
102745	Feature	13.0	PSR-14 events for modifying ContentObject stdWrap functionality	Frontend PHP-API ext:frontend	BeforeStdWrapFunctionsInitializedEvent AfterStdWrapFunctionsInitializedEvent BeforeStdWrapFunctionsExecutedEvent AfterStdWrapFunctionsExecutedEvent $GLOBALS['TYPO3_CONF_VARS']['SC_OPTIONS']['tslib/class.tslib_content.php']['stdWrap'] EnhanceStdWrapEvent getContent() setContent() getConfiguration() getContentObjectRenderer() ContentObjectRenderer #[AsEventListener]	Using the new PSR-14 events, it's now possible to fully influence the stdWrap functionality in TYPO3's Core API class ContentObjectRenderer.	-	local:14.3.x	13.0/Feature-102745-PSR-14EventsForModifyingContentObjectStdWrapFunctionality.rst
102755	Breaking	13.0	Improved getImageResource functionality	Frontend PHP-API FullyScanned ext:frontend	$GLOBALS['TYPO3_CONF_VARS']['SC_OPTIONS']['tslib/class.tslib_content.php']['getImgResource'] AfterImageResourceResolvedEvent ImageResource ?ImageResource GifBuilder->gifBuild() ContentObjectRenderer->getImgResource() null	The hook is removed without deprecation in order to allow extensions to work with TYPO3 v12 (using the hook) and v13+ (using the new event) when implementing the event as well without any further depr…	-	local:14.3.x	13.0/Breaking-102755-ImprovedGetImageResourceFunctionality.rst
102755	Deprecation	13.0	Unused interface for getImageResource hook	Frontend PHP-API FullyScanned ext:frontend	$GLOBALS['TYPO3_CONF_VARS']['SC_OPTIONS']['tslib/class.tslib_content.php']['getImgResource'] ContentObjectGetImageResourceHookInterface	The PHP interface is still available for TYPO3 v13, so extensions can provide a version which is compatible with TYPO3 v12 (using the hook) and TYPO3 v13 (using the new PSR-14 event), at the same time…	-	local:14.3.x	13.0/Deprecation-102755-UnusedInterfaceForGetImageResourceHook.rst
102755	Feature	13.0	PSR-14 event for modifying getImageResource result	Frontend PHP-API ext:frontend	AfterImageResourceResolvedEvent $GLOBALS['TYPO3_CONF_VARS']['SC_OPTIONS']['tslib/class.tslib_content.php']['getImgResource'] ContentObjectRenderer->getImgResource() ImageResource null array ContentObjectRenderer getImgResource() setImageResource() getImageResource() getFile() $file getImageResource getFileArray() $fileArray #[AsEventListener]	Using the new PSR-14 Event, it's now possible to modify the resolved getImageResource() result.	-	local:14.3.x	13.0/Feature-102755-PSR-14EventForModifyingGetImageResourceResult.rst
102761	Feature	13.0	Introduce class to generate/validate HMAC hashes	ext:core	HashService hmac()	Using the new class HashService, it is now possible to mitigate the risk of HMAC reuse in unauthorized scenarios for the same input.	-	local:14.3.x	13.0/Feature-102761-IntroduceClassToGeneratevalidateHMACHashes.rst
102763	Breaking	13.0	Extbase HashService usage replaced with Core HashService	Fluid Frontend PHP-API FullyScanned ext:extbase	@internal HashService '$hashService $hashService FormViewHelper ActionController internal MvcPropertyMappingConfigurationService RecoveryConfiguration PasswordRecoveryController FormRuntime UploadedFileReferenceConverter	Custom extensions must be adapted to use methods of class HashService.	-	local:14.3.x	13.0/Breaking-102763-ExtbaseHashServiceUsageReplacedWithCoreHashService.rst
102763	Breaking	13.0	Frontend user password recovery hashes invalidated	Frontend NotScanned ext:felogin	HashService	Frontend users need to request a new password recovery link to reset the password.	-	local:14.3.x	13.0/Breaking-102763-FrontendUserPasswordRecoveryHashesInvalidated.rst
102763	Deprecation	13.0	Extbase HashService	PHP-API FullyScanned ext:extbase	HashService $additionalSecret	Class HashService must be used to migrate.	-	local:14.3.x	13.0/Deprecation-102763-ExtbaseHashService.rst
102775	Breaking	13.0	PageRepository methods with native PHP types	PHP-API NotScanned ext:core	PageRepository PageRepository->getPage() PageRepository->getPage_noCheck() PageRepository->getPageOverlay() PageRepository->getPagesOverlay() PageRepository->checkRecord() PageRepository->getRawRecord() PageRepository->enableFields() PageRepository->getMultipleGroupsWhereClause() PageRepository->versionOL()	Extension authors need to adapt their PHP code to use ensure passed arguments are of the required PHP type when calling corresponding methods of the PageRepository PHP class.	-	local:14.3.x	13.0/Breaking-102775-PageRepositoryMethodsWithNativePHPTypes.rst
102779	Breaking	13.0	TYPO3 v13 System Requirements	PHP-API NotScanned ext:core		TYPO3 v11 / v12 supports PHP 8.2 and database engines required by v13. This allows upgrading the platform in a first step and upgrading to TYPO3 v13 in a second step.	-	local:14.3.x	13.0/Breaking-102779-TYPO3V13SystemRequirements.rst
102786	Important	13.0	Updated dependency: Symfony 7	PHP-API ext:core		TYPO3 v13 ships with Symfony components with at least version 7.0.	-	local:14.3.x	13.0/Important-102786-UpdatedDependencySymfony7.rst
102793	Breaking	13.0	PageRepository->enableFields hook removed	Database Frontend PHP-API NotScanned ext:core	PageRepository enableFields() $GLOBALS['TYPO3_CONF_VARS']['SC_OPTIONS']['t3lib/class.t3lib_page.php']['addEnableColumns']	The hook $GLOBALS['TYPO3_CONF_VARS']['SC_OPTIONS']['t3lib/class.t3lib_page.php']['addEnableColumns'] can be replaced by a listener to the newly introduced PSR-14 event.	-	local:14.3.x	13.0/Breaking-102793-PageRepository-enableFieldsHookRemoved.rst
102793	Deprecation	13.0	PageRepository->enableFields	Database Frontend PHP-API NotScanned ext:core	PageRepository enableFields() getDefaultConstraints() CompositeExpression	A new method called getDefaultConstraints() has been introduced which supersedes the old method. The new method returns an array of CompositeExpression objects, which can be used instead.	-	local:14.3.x	13.0/Deprecation-102793-PageRepositoryEnableFields.rst
102793	Feature	13.0	PSR-14 event for modifying default constraints in PageRepository	PHP-API ext:core	PageRepository getDefaultConstraints() ModifyDefaultConstraintsForDatabaseQueryEvent CompositeExpression getConstraints() setConstraints(array $constraints) ExpressionBuilder Context	The new event contains a list of CompositeExpression objects, allowing to modify them via the getConstraints() and setConstraints(array $constraints) methods.	-	local:14.3.x	13.0/Feature-102793-PSR-14EventForModifyingDefaultConstraintsInPageRepository.rst
102806	Breaking	13.0	Hooks in PageRepository removed	PHP-API FullyScanned ext:core	PageRepository class]['init'] $GLOBALS['TYPO3_CONF_VARS']['SC_OPTIONS']['t3lib/class.t3lib_page.php']['getPage'] BeforePageIsRetrievedEvent	The hook class]['init'] is removed without substitution. Back in TYPO3 v4.x this hook was useful to modify public properties after everything was initialized.	-	local:14.3.x	13.0/Breaking-102806-HooksInPageRepositoryRemoved.rst
102806	Deprecation	13.0	Interfaces for PageRepository hooks	PHP-API FullyScanned ext:core	class]['init'] $GLOBALS['TYPO3_CONF_VARS']['SC_OPTIONS']['t3lib/class.t3lib_page.php']['getPage'] PageRepositoryInitHookInterface PageRepositoryGetPageHookInterface	The PHP interfaces are still available for TYPO3 v13, so extensions can provide a version which is compatible with TYPO3 v12 (using the hooks) and TYPO3 v13 (using the new PSR-14 event), at the same t…	-	local:14.3.x	13.0/Deprecation-102806-InterfacesForPageRepositoryHooks.rst
102806	Feature	13.0	BeforePageIsRetrievedEvent in PageRepository	PHP-API ext:core	BeforePageIsRetrievedEvent $GLOBALS['TYPO3_CONF_VARS']['SC_OPTIONS']['t3lib/class.t3lib_page.php']['getPage'] PageRepository->getPage() setPageId() $uid setPage() Page #[AsEventListener] PageRepository	Using the new PSR-14 event, it's now possible to fully customize the page resolving in TYPO3's Core API class PageRepository.	-	local:14.3.x	13.0/Feature-102806-BeforePageIsRetrievedEventInPageRepository.rst
102815	Feature	13.0	Support ApplicationContext in TypoScript data	TypoScript ext:frontend		It is now possible to fetch the current application context as full blown string from TypoScript's data function.	-	local:14.3.x	13.0/Feature-102815-SupportApplicationContextInTypoScriptData.rst
102834	Breaking	13.0	Remove items from New Content Element Wizard	TCA TypoScript NotScanned ext:backend		To hide elements, migrate your page TSconfig from mod.wizards.newContentElement.wizardItems.<group>.show := removeFromList(html) to mod.wizards.newContentElement.wizardItems.<group>.removeItems := add…	-	local:14.3.x	13.0/Breaking-102834-RemoveItemsFromNewContentElementWizard.rst
102834	Feature	13.0	Auto-registration of New Content Element Wizard via TCA	Backend TCA TSConfig ext:backend	CType value label description group icon $pluginDescription registerPlugin() default	The groups and elements of the new Content Element Wizard are now registered automatically from the TCA type field.	-	local:14.3.x	13.0/Feature-102834-Auto-registrationOfNewContentElementWizardViaTCA.rst
102835	Breaking	13.0	Strict typing in final TypoLinkCodecService	PHP-API NotScanned ext:core	TypoLinkCodecService decode() $typoLink string BeforeTypoLinkEncodedEvent AfterTypoLinkDecodedEvent $typolink	Instead of extending / cross classing TypoLinkCodecService use the new PSR-14 events to modify the functionality.	-	local:14.3.x	13.0/Breaking-102835-StrictTypingInFinalTypoLinkCodecService.rst
102835	Feature	13.0	Add PSR-14 events to manipulate TypoLinkCodecService	PHP-API ext:core	BeforeTypoLinkEncodedEvent AfterTypoLinkDecodedEvent TypoLinkCodecService $parameters $typoLinkParts. $delimiter $emptyValueSymbol $typoLinkParts $typoLink #[AsEventListener]	Using the new PSR-14 events, it's now possible to fully influence the encoding and decoding of any TypoLink.	-	local:14.3.x	13.0/Feature-102835-AddPSR-14EventsToManipulateTypoLinkCodecService.rst
102849	Breaking	13.0	Removed ContentObject stdWrap cacheStore hook	Frontend PHP-API FullyScanned ext:frontend	$GLOBALS['TYPO3_CONF_VARS']['SC_OPTIONS']['tslib/class.tslib_content.php']['stdWrap_cacheStore'] BeforeStdWrapContentStoredInCacheEvent	The hook is removed without deprecation in order to allow extensions to work with TYPO3 v12 (using the hook) and v13+ (using the new event) when implementing the event as well without any further depr…	-	local:14.3.x	13.0/Breaking-102849-RemovedContentObjectStdWrapCacheStoreHook.rst
102849	Feature	13.0	PSR-14 event for manipulating store cache functionality of stdWrap	Frontend PHP-API ext:frontend	BeforeStdWrapContentStoredInCacheEvent $GLOBALS['TYPO3_CONF_VARS']['SC_OPTIONS']['tslib/class.tslib_content.php']['stdWrap_cacheStore'] $content $tags $key $lifetime $configuration $contentObjectRenderer #[AsEventListener]	Using the new PSR-14 event, it's now possible to fully manipulate the content, the cache tags as well as further relevant information, used by the caching functionality of stdWrap.	-	local:14.3.x	13.0/Feature-102849-PSR-14EventForManipulatingStoreCacheFunctionalityOfStdWrap.rst
102855	Breaking	13.0	Removed LinkService resolveByStringRepresentation hook	PHP-API FullyScanned ext:core	$GLOBALS['TYPO3_CONF_VARS']['SC_OPTIONS']['Link']['resolveByStringRepresentation'] AfterLinkResolvedByStringRepresentationEvent	The hook is removed without deprecation in order to allow extensions to work with TYPO3 v12 (using the hook) and v13+ (using the new event) when implementing the event as well without any further depr…	-	local:14.3.x	13.0/Breaking-102855-RemovedLinkServiceResolveByStringRepresentationHook.rst
102855	Feature	13.0	PSR-14 event for modifying resolved link result data	PHP-API ext:core	AfterLinkResolvedByStringRepresentationEvent $GLOBALS['TYPO3_CONF_VARS']['SC_OPTIONS']['Link']['resolveByStringRepresentation'] LinkService $urn UnknownLinkHandlerException getResult() setResult() getUrn() getResolveException() #[AsEventListener] LinkService->resolveByStringRepresentation()	Using the new PSR-14 event, it's now possible to fully modify the resolved link result data from LinkService->resolveByStringRepresentation(), just before the result is being returned.	-	local:14.3.x	13.0/Feature-102855-PSR-14EventForModifyingResolvedLinkResultData.rst
102865	Feature	13.0	PSR-14 event for modifying loaded form definition	PHP-API YAML ext:form	AfterFormDefinitionLoadedEvent FormPersistenceManager getFormDefinition() setFormDefinition() getPersistenceIdentifier() getCacheKey() #[AsEventListener]	Using the new PSR-14 event, it's now possible to fully modify any loaded form definition, before being overridden by TypoScript.	-	local:14.3.x	13.0/Feature-102865-PSR-14EventForModifyingLoadedFormDefinition.rst
102875	Breaking	13.0	Changed Connection method signatures and behaviour	Database PHP-API NotScanned ext:core	lastInsertId() quote() PARAM_* ParameterType ArrayParameterType	Calling quote() with a non-string as first argument will result in a PHP error. Still providing the second argument will not emit an error, but may be detected by static code analysers.	-	local:14.3.x	13.0/Breaking-102875-ChangedConnectionMethodSignaturesAndBehaviour.rst
102875	Breaking	13.0	ExpressionBuilder changes	Database PHP-API NotScanned ext:core	literal(string $value) trim() TrimMode $position QUOTE_NOTHING QUOTE_IDENTIFIER QUOTE_PARAMETER literal()	Calling any of the mentioned methods with invalid type will result in a PHP error.	-	local:14.3.x	13.0/Breaking-102875-ExpressionBuilderChanges.rst
102875	Breaking	13.0	QueryBuilder changes	Database PHP-API NotScanned ext:core	QueryBuilder add() getQueryPart($partName) getQueryParts() resetQueryPart($partName) resetQueryParts() execute() executeQuery() executeStatement() setMaxResults() quote(string $value) string add('query-part-name') ->add('select', $array) ->select(...$array) ->add('where', $wheres) ->where(...$wheres) ->add('having', $havings) ->having(...$havings) ->add('orderBy', $orderBy) ->orderBy($orderByField, $orderByDirection)->addOrderBy($orderByField2) ->add('groupBy', $groupBy) ->groupBy($groupField)->addGroupBy($groupField2) resetQueryPart() $queryPartName ->select() ->distinct(false) ->resetWhere() ->resetHaving() ->resetGroupBy() +4-more-see-rst	Extension author need to replace the removed methods with the alternatives which	-	local:14.3.x	13.0/Breaking-102875-QueryBuilderChanges.rst
102875	Important	13.0	Updated Dependency: Doctrine DBAL 4	Database PHP-API ext:core	Connection QueryBuilder ExpressionBuilder	TYPO3 v13 ships with Doctrine DBAL with at least version 4.0. TYPO3 extends some Doctrine DBAL classes, enriching behaviour and provide these as public API surface, for example Connection, QueryBuilde…	-	local:14.3.x	13.0/Important-102875-UpdatedDependencyDoctrineDBAL4.rst
102895	Breaking	13.0	PackageInterface modified	PHP-API NotScanned ext:core	PackageInterface getPackageIcon(): ?string Package	Extend the custom implementation to reflect the updated PackageInterface.	-	local:14.3.x	13.0/Breaking-102895-PackageInterfaceModified.rst
102895	Deprecation	13.0	ExtensionManagementUtility::getExtensionIcon	PHP-API FullyScanned ext:core	getExtensionIcon Package->getPackageIcon PackageManager makeInstance()	Migrate towards the PackageManager implementation, which can be added via Dependency Injection or retrieved via makeInstance().	-	local:14.3.x	13.0/Deprecation-102895-ExtensionManagementUtilitygetExtensionIcon.rst
102900	Breaking	13.0	Metaphone search removed from indexed\_search	Backend Database Frontend PHP-API FullyScanned ext:indexed_search	DoubleMetaPhoneUtility $GLOBALS['TYPO3_CONF_VARS']['EXTCONF']['indexed_search']['metaphone'] enableMetaphoneSearch @internal	No migration available. Sites that really need this feature should switch to a more sophisticated search solution.	-	local:14.3.x	13.0/Breaking-102900-MetaphoneSearchRemovedFromIndexed_search.rst
102902	Breaking	13.0	Search rules removed from Indexed Search	Frontend TypoScript NotScanned ext:indexed_search		The Indexed Search plugin doesn't show the rules anymore. The Fluid partial file Resources/Private/Partials/Rules.html and the related TypoScript configuration :typoscript`:`plugin.tx_indexedsearch.se…	-	local:14.3.x	13.0/Breaking-102902-SearchRulesRemovedFromIndexedSearch.rst
102907	Breaking	13.0	Indexed Search TypoScript settings removed	TypoScript NotScanned ext:indexed_search	LinkFactory	Remove the lines, and adapt config.extTarget accordingly if needed in such cases, as the links are now generated through TYPO3's native link building APIs.	-	local:14.3.x	13.0/Breaking-102907-IndexedSearchTypoScriptSettingsRemoved.rst
102908	Deprecation	13.0	Indexed Search content parsers returning arrays	PHP-API NotScanned ext:indexed_search	IndexingDataAsString fromArray() title body keywords description	Let the custom content parser return an instance of IndexingDataAsString. Either use the constructor, or the static helper method fromArray().	-	local:14.3.x	13.0/Deprecation-102908-IndexedSearchContentParsersReturningArrays.rst
102921	Breaking	13.0	Remove several outdated indexed search features	Frontend TypoScript NotScanned ext:indexed_search		Adapt your TypoScript settings, and remove the TypoScript settings and Fluid variables.	-	local:14.3.x	13.0/Breaking-102921-RemoveSeveralOutdatedIndexedSearchFeatures.rst
102924	Breaking	13.0	Single Table Inheritance from fe_groups removed	Database TCA NotScanned ext:extbase		If necessary, extension authors can add Single Table Inheritance in their own extension for `fe_groups` by themselves.	-	local:14.3.x	13.0/Breaking-102924-SingleTableInheritanceFromFeGroupsRemoved.rst
102925	Breaking	13.0	Template changes in Indexed Search	Fluid Frontend NotScanned ext:indexed_search		In case Fluid templates of EXT:indexed_search are overridden, the rendered output may look different and behave unpleasant.	-	local:14.3.x	13.0/Breaking-102925-TemplateChangesInIndexedSearch.rst
102931	Breaking	13.0	Removed hook in GifBuilder	PHP-API FullyScanned ext:frontend	$GLOBALS['TYPO3_CONF_VARS']['SC_OPTIONS']['tslib/class.tslib_gifbuilder.php']['gifbuilder-ConfPreProcess'] GifBuilder	It is recommended to hand in custom configuration already into GifBuilder directly, and remove any usages to the hook in custom extension code.	-	local:14.3.x	13.0/Breaking-102931-GifBuilderHookRemoved.rst
102932	Breaking	13.0	Removed TypoScriptFrontendController hooks	Frontend PHP-API FullyScanned ext:frontend	$GLOBALS['TYPO3_CONF_VARS']['SC_OPTIONS']['tslib/class.tslib_fe.php']['configArrayPostProc'] ModifyTypoScriptConfigEvent $GLOBALS['TYPO3_CONF_VARS']['SC_OPTIONS']['tslib/class.tslib_fe.php']['pageLoadedFromCache'] AfterTypoScriptDeterminedEvent typo3/cms-frontend/prepare-tsfe-rendering $GLOBALS['TYPO3_CONF_VARS']['SC_OPTIONS']['tslib/class.tslib_fe.php']['createHashBase']',   substituted by event :php:	See PSR-14 event for substitutions. The new events are tailored for more restricted use cases and can be used when existing hook usages have not been "side" usages.	-	local:14.3.x	13.0/Breaking-102932-RemovedTypoScriptFrontendControllerHooks.rst
102932	Feature	13.0	New TypoScript-related frontend events	Frontend PHP-API ext:frontend	BeforePageCacheIdentifierIsHashedEvent ModifyTypoScriptConfigEvent AfterTypoScriptDeterminedEvent	The events allow more fine grained modification of frontend TypoScript and page cache code flow. They are substitutions of hooks that have been available with TYPO3 versions before v13.	-	local:14.3.x	13.0/Feature-102932-NewTypoScriptRelatedFrontendEvents.rst
102935	Breaking	13.0	Overhauled extension installation in Extension Manager	Backend PHP-API PartiallyScanned ext:extensionmanager	InstallUtility->processExtensionSetup() PackageInitializationEvent AfterExtensionDatabaseContentHasBeenImportedEvent AfterExtensionFilesHaveBeenImportedEvent AfterExtensionSiteFilesHaveBeenImportedEvent AfterExtensionStaticDatabaseContentHasBeenImportedEvent before after	Instead of registering listeners for the removed events, developers can now just register a listener to the new PackageInitializationEvent, which contains the listeners result as storage entry:	-	local:14.3.x	13.0/Breaking-102935-OverhauledExtensionInstallationInExtensionManager.rst
102935	Feature	13.0	PSR-14 event for package initialization functionality	Backend PHP-API ext:core	PackageInitializationEvent PackageActivationService InstallUtility->install() PackageActivationService->activate() AfterPackageActivationEvent ImportExtensionDataOnPackageInitialization ImportStaticSqlDataOnPackageInitialization CheckForImportRequirements ImportContentOnPackageInitialization ImportSiteConfigurationsOnPackageInitialization before after addStorageEntry() getStorageEntry() PackageInitializationResult getIdentifier() getResult() getExtensionKey() getPackage() PackageInterface getContainer() ContainerInterface getEmitter() hasStorageEntry() removeStorageEntry() InstallUtility->processExtensionSetup() #[AsEventListener]	Using the new PSR-14 event, it's now possible to execute custom functionality when a package has been activated.	-	local:14.3.x	13.0/Feature-102935-PSR-14EventForPackageInitializationFunctionality.rst
102937	Breaking	13.0	`pi1_hooks` hook removed from Indexed Search	PHP-API FullyScanned ext:indexed_search	$GLOBALS['TYPO3_CONF_VARS']['EXTCONF']['indexed_search']['pi1_hooks']	No migration available.	-	local:14.3.x	13.0/Breaking-102937-Pi1_hooksHookRemovedFromIndexedSearch.rst
102943	Deprecation	13.0	AbstractDownloadExtensionUpdate moved to ext:extensionmanager	PHP-API FullyScanned ext:extensionmanager	AbstractDownloadExtensionUpdate ExtensionModel Install Extensionmanager	Adapt the namespaces in extension classes that extend AbstractDownloadExtensionUpdate from Install to Extensionmanager.	-	local:14.3.x	13.0/Deprecation-102943-AbstractDownloadExtensionUpdateMovedToExtextensionmanager.rst
102945	Breaking	13.0	Pagination of Indexed Search replaced	Fluid Frontend NotScanned ext:indexed_search		`is:pageBrowsingResults` has been replaced with a short HTML snippet:	-	local:14.3.x	13.0/Breaking-102945-PaginationOfIndexedSearchReplaced.rst
102960	Important	13.0	TCA and system tables on one DB connection	Database ext:core	TCA Default ReferenceIndex getConnectionForTable()	TYPO3 v13 expects all database core system tables and especially all tables from extensions that have TCA attached to be configured for the main Default connection.	-	local:14.3.x	13.0/Important-102960-TCAAndSystemTablesOnOneDBConnection.rst
102968	Breaking	13.0	FormEngine itemFormElID removed	Backend PHP-API NotScanned ext:backend	$this->data['parameterArray']['itemFormElID'] itemFormElID getUniqueId()	A typical use case for a unique id attribute on a form element is to connect it with a label element.	-	local:14.3.x	13.0/Breaking-102968-FormEngineItemFormElIDRemoved.rst
102970	Breaking	13.0	No database relations in FlexForm container sections	Backend FlexForm TCA NotScanned ext:core	type="inline" type="category" MM type="select" foreign_table input email inline group select TCA type="flex" type="group"	Some extensions tried to work around existing restrictions by switching from type="inline" to type="group" or type="select", ending up with the same problematic scenario.	-	local:14.3.x	13.0/Breaking-102970-NoDatabaseRelationsInFlexFormSectionContainers.rst
102971	Breaking	13.0	Most classes of EXT:workspaces declared internal	PHP-API NotScanned ext:workspaces	@internal	Extension authors who need to extend from classes within EXT:workspaces should reconsider on why this needs to be done. They should expect these may break without further notice.	-	local:14.3.x	13.0/Breaking-102971-MostClassesOfEXTworkspacesDeclaredInternal.rst
102975	Breaking	13.0	Use full md5 hashes in `indexed_search`	Database NotScanned ext:indexed_search		The database analyzer takes care of updating affected columns and truncates index related tables to be ready for reindexing.	-	local:14.3.x	13.0/Breaking-102975-UseFullMd5HashesInIndexed_search.rst
102976	Breaking	13.0	TimeTracker read API internal	Frontend PHP-API NotScanned ext:frontend	TimeTracker @internal TimeTracker->push() TimeTracker->pull() TimeTracker->setTSlogMessage()	No direct migration possible.	-	local:14.3.x	13.0/Breaking-102976-TimeTrackerReadAPIInternal.rst
102980	Breaking	13.0	getAllPageNumbers() in PaginationInterface	PHP-API NotScanned ext:core	PaginationInterface public function getAllPageNumbers(): array; SimplePagination SlidingWindowPagination	See the two Core classes SimplePagination and SlidingWindowPagination for examples on how the method is implemented.	-	local:14.3.x	13.0/Breaking-102980-GetAllPageNumbersInPaginationInterface.rst
102985	Breaking	13.0	Declare Indexed Search as Content Type	TCA NotScanned ext:indexed_search		Execute the `Migrate "Indexed Search" plugins to content elements.` upgrade wizard to automatically migrate existing records.	-	local:14.3.x	13.0/Breaking-102985-DeclareIndexedSearchAsContentType.rst
93942	Feature	13.1	Crop SVG images natively	Backend FAL Fluid Frontend TypoScript ext:fluid		Editors and integrators can now crop SVG assets without an impact to their output quality.	-	local:14.3.x	13.1/Feature-93942-CropSVGImagesNatively.rst
102762	Deprecation	13.1	Deprecate GeneralUtility::hmac()	Backend FullyScanned ext:core	hmac() HashService makeInstance()	All usages of hmac() must be migrated to use the hmac() method in the class HashService.	-	local:14.3.x	13.1/Deprecation-102762-GeneralUtilityhmac.rst
102836	Feature	13.1	Allow deleting IRRE elements via `postMessage()`	Backend JavaScript ext:backend		Extension developers are now able to trigger the deletion of IRRE elements via API.	-	local:14.3.x	13.1/Feature-102836-AllowDeletingIRREElementsViaPostMessage.rst
103043	Feature	13.1	Modernize tree rendering and implement RTL and dark mode	Backend ext:backend		The TYPO3 CMS Tree modernization brings: - Personalization: Adapts to user preferences for a tailored interface. - Reactive design: Ensures smoother interactions.	-	local:14.3.x	13.1/Feature-103043-ModernizeTreeRenderingAndImplementRTLAndDarkMode.rst
103147	Feature	13.1	Provide full userdata in password recovery email in ext:backend	Backend ext:backend		It is now possible to use the {userData} variable in the password recovery FluidEmail to access data from the affected backend user.	-	local:14.3.x	13.1/Feature-103147-ProvideFullUserdataInPasswordRecoveryEmailInExtbackend.rst
103165	Important	13.1	Database table cache_treelist removed	Database ext:frontend		Database table cache_treelist has been removed, the database analyzer will suggest to drop it if it exists.	-	local:14.3.x	13.1/Important-103165-Remove-treelist-cache.rst
103186	Feature	13.1	Introduce tree node status information	Backend JavaScript ext:backend	AfterPageTreeItemsPreparedEvent	Tree nodes can now have status information. Workspace changes are now reflected in the title of the node in addition to the indicator.	-	local:14.3.x	13.1/Feature-103186-IntroduceTreeNodeStatusInformation.rst
103187	Feature	13.1	Introduce CLI command to create backend user groups	Backend CLI ext:backend		You can now use ./bin/typo3 setup:begroups:default to create pre-configured backend user groups without touching the GUI.	-	local:14.3.x	13.1/Feature-103187-AddCliCreateBeUserGroupCommand.rst
103211	Deprecation	13.1	Deprecate pageTree.backgroundColor	Backend JavaScript TSConfig NotScanned ext:backend		Before:	-	local:14.3.x	13.1/Deprecation-103211-DeprecatePageTreebackgroundColor.rst
103211	Feature	13.1	Introduce tree node labels	Backend JavaScript TSConfig ext:backend	AfterPageTreeItemsPreparedEvent	Labels are now added to the node and their children, significantly improving the clarity and accessibility of the tree component.	-	local:14.3.x	13.1/Feature-103211-IntroduceTreeNodeLabels.rst
103220	Feature	13.1	Support comma-separated lists in page tree filter	Backend ext:backend		The page tree has been enhanced to enable the user to not only search for strings and single page IDs, but for comma-separated lists of page IDs as well.	-	local:14.3.x	13.1/Feature-103220-SupportComma-separatedListsInPageTreeFilter.rst
103230	Deprecation	13.1	Deprecate `@typo3/backend/wizard.js`	Backend JavaScript NotScanned ext:backend		Migrate to the module @typo3/backend/multi-step-wizard.js. There are two major differences: * The class name changes to MultiStepWizard.	-	local:14.3.x	13.1/Deprecation-103230-DeprecateTypo3backendwizardjs.rst
103244	Deprecation	13.1	Class SlugEnricher	PHP-API FullyScanned ext:core	SlugEnricher DataHandler	No migration available.	-	local:14.3.x	13.1/Deprecation-103244-ClassSlugEnricher.rst
103255	Feature	13.1	Native support for language Scottish Gaelic added	Backend Frontend ext:core		It is now possible to * Fetch translated labels from translations.typo3.org / CrowdIn automatically within the TYPO3 backend. * Switch the backend interface to Scottish Gaelic language.	-	local:14.3.x	13.1/Feature-103255-NativeSupportForLanguageGaelicAdded.rst
103309	Feature	13.1	Add more expression methods to ExpressionBuilder	Database PHP-API ext:core	ExpressionBuilder as() concat() castVarchar() castInt() repeat() $value $numberOfRepeats space() $numberOfSpaces left() $length getSubstringExpression() getSubstringExpression(string $string, string $start, ?string $length = null): string right() leftPad() rightPad() $paddingValue	Extension authors can use the new expression methods to build more advanced queries without the requirement to deal with the correct implementation for all supported database vendors.	-	local:14.3.x	13.1/Feature-103309-AddMoreExpressionMethodsToExpressionBuilder.rst
103331	Feature	13.1	Native support for language Maltese added	Backend Frontend ext:core		It is now possible to * Fetch translated labels from translations.typo3.org / CrowdIn automatically within the TYPO3 backend. * Switch the backend interface to Maltese language.	-	local:14.3.x	13.1/Feature-103331-NativeSupportForLanguageMalteseAdded.rst
103372	Feature	13.1	Native support for language Irish Gaelic added	Backend Frontend ext:core		It is now possible to * Fetch translated labels from translations.typo3.org / CrowdIn automatically within the TYPO3 backend. * Switch the backend interface to Irish Gaelic language.	-	local:14.3.x	13.1/Feature-103372-NativeSupportForLanguageIrishGaelicAdded.rst
103437	Feature	13.1	Introduce site sets	Backend Frontend PHP-API YAML ext:core		Sites can be composed of sets where relevant configuration, templates, assets and setting definitions are combined in a central place and applied to sites as one logical volume.	-	local:14.3.x	13.1/Feature-103437-IntroduceSiteSets.rst
103439	Feature	13.1	TypoScript provider for sites and sets	Backend Frontend PHP-API TypoScript YAML ext:core		Sites and sets can ship TypoScript without the need for sys_template records in database, and dependencies can be expressed via sets, allowing for automatic ordering and deduplication.	-	local:14.3.x	13.1/Feature-103439-TypoScriptProviderForSitesAndSets.rst
103441	Feature	13.1	Request ID as public visible error reference in error handlers output	Frontend ext:core	ProductionExceptionHandler	Everyone sees a request id as traceable error information.	-	local:14.3.x	13.1/Feature-103441-RequestIdAsPublicVisibleErrorReferenceInErrorHandlersOutput.rst
103504	Feature	13.1	New ContentObject PAGEVIEW	TypoScript ext:frontend	Site SiteLanguage PageInformation PageLayout	Creating new page templates based on Fluid follows conventions in order to reduce the amount of TypoScript needed to render a page in the TYPO3 frontend.	-	local:14.3.x	13.1/Feature-103504-NewContentObjectPageView.rst
103522	Feature	13.1	Page TSconfig provider for sites and sets	Backend Frontend PHP-API TypoScript YAML ext:core		Sites and sets can ship page TSconfig without the need for database entries or by polluting global scope when registering page TSconfig globally via ext_localconf.php or Configuration/page.tsconfig.	-	local:14.3.x	13.1/Feature-103522-PageTSconfigProviderForSitesAndSets.rst
103528	Deprecation	13.1	Deprecated `DocumentSaveActions` module	Backend JavaScript NotScanned ext:backend		To migrate the interception of submit events, the successor module @typo3/backend/form/submit-interceptor.js shall be used instead.	-	local:14.3.x	13.1/Deprecation-103528-DeprecatedDocumentSaveActionsModule.rst
103529	Feature	13.1	Introduce hotkey for "Save and Close"	Backend JavaScript ext:backend		Next to the existing Ctrl/Cmd + s hotkey (Save), the hotkey Ctrl/Cmd + Shift + S (Save and Close) became available.	-	local:14.3.x	13.1/Feature-103529-IntroduceHotkeyForSaveAndClose.rst
103560	Feature	13.1	Update Fluid Standalone to version 2.11	Fluid Frontend ext:fluid	SplitViewHelper JoinViewHelper ReplaceViewHelper FirstViewHelper LastViewHelper	The following ViewHelpers are now included and can be used in all Fluid templates:	-	local:14.3.x	13.1/Feature-103560-UpdateFluidStandalone.rst
103563	Feature	13.1	Add saving-related hotkeys to scheduler backend module	Backend JavaScript ext:scheduler		It is possible to invoke the Ctrl/Cmd + s hotkey to save a scheduler task, altogether with the hotkey Ctrl/Cmd + Shift + S to save and close a scheduler task.	-	local:14.3.x	13.1/Feature-103563-AddSaving-relatedHotkeysToSchedulerBackendModule.rst
103578	Feature	13.1	Add database default value support for TEXT, BLOB and JSON field types	Database ext:core		Database INSERT queries that do not provide values for fields with defined default values, and that do not use TCA-powered TYPO3 APIs, can now be used, and will receive default values defined at datab…	-	local:14.3.x	13.1/Feature-103578-AddDatabaseDefaultValueSupportForTEXTBLOBAndJSONFieldTypes.rst
103671	Feature	13.1	Provide null coalescing operator for TypoScript constants	TypoScript ext:core		Since feature-103439-1712321631 it is suggested to define site settings via settings.definitions.yaml in site sets instead of TypoScript constants.	-	local:14.3.x	13.1/Feature-103671-ProvideNullCoalescingOperatorForTypoScriptConstants.rst
103850	Deprecation	13.1	Renamed Page Tree Navigation Component ID	Backend PHP-API NotScanned ext:backend	@typo3/backend/page-tree/page-tree-element @typo3/backend/tree/page-tree-element	Instead of writing this snippet in your Configuration/Backend/Modules.php:	-	local:14.3.x	13.1/Deprecation-103850-RenamedPageTreeNavigationComponentID.rst
91783	Feature	13.2	Allow system maintainer to mute disable_functions error	Backend ext:core	disable_functions $GLOBALS['TYPO3_CONF_VARS']['SYS']['allowedPhpDisableFunctions']	Native php function names can be added as an array of function names, which will not trigger an error but only a warning, if they can also be found in the php.ini setting disable_functions.	-	local:14.3.x	13.2/Feature-91783-AllowSystemMaintainerToMuteDisableFunctionsError.rst
92009	Feature	13.2	Provide backend modules in LiveSearch	Backend ext:backend		Backend users now have another possibility to quickly access a backend module.	-	local:14.3.x	13.2/Feature-92009-ProvideBackendModulesInLiveSearch.rst
99203	Feature	13.2	Streamline FE/versionNumberInFilename to 'EXT:' resources	Fluid Frontend ext:frontend	$GLOBALS['TYPO3_CONF_VARS']['FE']['versionNumberInFilename']	Local resources now can have a cache buster to easily replace them without changing the filename.	-	local:14.3.x	13.2/Feature-99203-StreamlineFEversionNumberInFilenameToEXTResources.rst
101621	Important	13.2	Changed default value for twitter_card field	Frontend ext:seo		The default value of the `twitter_card` field of a page is now an empty string instead of `summary`.	-	local:14.3.x	13.2/Important-101621-ChangedDefaultValueForTwitter_cardField.rst
102155	Feature	13.2	User TSconfig option for default resources ViewMode	Backend TSConfig ext:filelist		Integrators can now define the default display mode for resources via User TSconfig.	-	local:14.3.x	13.2/Feature-102155-UserTSconfigOptionForDefaultViewModeInFileList.rst
102326	Deprecation	13.2	RegularExpressionValidator validator option "errorMessage"	Backend NotScanned ext:extbase	errorMessage RegularExpressionValidator message	The new message validator option should be used to provide a custom translatable error message for failed validation. Before:	-	local:14.3.x	13.2/Deprecation-102326-RegularExpressionValidatorValidatorOptionErrorMessage.rst
102326	Feature	13.2	Allow custom translations for Extbase validators	Backend ext:extbase	message Boolean NotEmpty NumberRange translationOptions NotEmptyValidator $myProperty locallang.xlf my_extension FloatValidator	The new validator translation option keys allow developers to define unique validation messages for TYPO3 Extbase validators on validator usage basis.	-	local:14.3.x	13.2/Feature-102326-AllowCustomTranslationsForExtbaseValidators.rst
102337	Deprecation	13.2	Deprecate hooks for record download	PHP-API FullyScanned ext:core	DatabaseRecordList']['customizeCsvHeader'] DatabaseRecordList']['customizeCsvRow'] BeforeRecordDownloadIsExecutedEvent	The new PSR-14 event BeforeRecordDownloadIsExecutedEvent can be used as a near drop-in replacement.	-	local:14.3.x	13.2/Deprecation-102337-DeprecateHooksForRecordDownload.rst
102337	Feature	13.2	PSR-14 event for modifying record list export data	Backend PHP-API ext:core	BeforeRecordDownloadIsExecutedEvent DatabaseRecordList']['customizeCsvHeader'] DatabaseRecordList']['customizeCsvRow'] getHeaderRow() setHeaderRow() getRecords() setRecords() getRequest() getTable() getFormat() getFilename() getId() getModTSconfig() getColumnsToRender() isHideTranslations() customizeCsvHeader customizeCsvRow fields $event->getColumnsToRender() $this->recordList $event->getHeaderRow() databaseRow $event->getRecords() tableName $event->getTable() pageId $event->getId()	The functionality of both hooks customizeCsvHeader and customizeCsvRow are now handled by the new PSR-14 event.	-	local:14.3.x	13.2/Feature-102337-IntroducePSR14EventModifyRecordListDownloadData.rst
102337	Feature	13.2	PSR-14 event for modifying record list download presets	Backend PHP-API ext:core	BeforeRecordDownloadPresetsAreDisplayedEvent getPresets() setPresets() getDatabaseTable() getRequest() getId() DownloadPreset $preset->getLabel() $preset->getColumns() $preset->getIdentifier()	Using the PSR-14 event BeforeRecordDownloadPresetsAreDisplayedEvent it is now possible to modify the presets of each table for downloading / exporting a list of such records via the Web > List module.	-	local:14.3.x	13.2/Feature-102337-IntroducePSR14EventModifyRecordListDownloadPresets.rst
102337	Feature	13.2	Presets for download of record lists	Backend TSConfig		Editors can now export data with specific presets as required as identified by the website maintainer or extension developer(s).	-	local:14.3.x	13.2/Feature-102337-PresetsForRecordListDownload.rst
102869	Feature	13.2	List workspaces in LiveSearch	Backend ext:workspaces		Backend users now have another, quickly accessible way to access a workspace. With proper permissions, a backend user may also switch to the edit interface of a workspace to configure its settings.	-	local:14.3.x	13.2/Feature-102869-ListWorkspacesInLiveSearch.rst
102951	Feature	13.2	Provide PSR-7 request in Extbase validators	PHP-API ext:extbase	abstractValidator AbstractValidator ValidationResolver frontend.user	Extension developers can now create custom validators which consume data from the PSR-7 request object (e.g. request attribute frontend.user).	-	local:14.3.x	13.2/Feature-102951-ProvidePSR-7RequestInExtbaseValidators.rst
103019	Feature	13.2	ModifyRedirectUrlValidationResultEvent PSR-14 event	Frontend PHP-API ext:felogin	ModifyRedirectUrlValidationResultEvent	Developers now have the possibility to modify the validation results for the redirect URL, allowing redirects to URLs not matching existing validation constraints.	-	local:14.3.x	13.2/Feature-103019-ModifyRedirectUrlValidationResultEventPSR-14Event.rst
103485	Important	13.2	Provide lib.parseFunc via ext:frontend	Frontend TypoScript ext:frontend		The lib.parseFunc and lib.parseFunc_RTE functions render HTML from Rich Text Fields in TYPO3. Direct interaction with these libraries is now uncommon, but they control the output of the ViewHelper.	-	local:14.3.x	13.2/Important-103485-ProvideLibparseFuncViaExtfrontend.rst
103493	Feature	13.2	Edit full record in "Check Links" module	Backend ext:linkvalidator		A new button is now displayed in the Check Links backend module, allowing the full record of a broken link to be edited.	-	local:14.3.x	13.2/Feature-103493-EditFullRecordInCheckLinksModule.rst
103706	Feature	13.2	Default search level for record search	Backend TSConfig ext:backend		It's now possible to define a default search level using the new page TSconfig option mod.web_list.searchLevel.default.	-	local:14.3.x	13.2/Feature-103706-DefaultSearchLevelForRecordSearch.rst
103748	Important	13.2	Reference index rebuild required	Database ext:core	DataHandler	A series of new columns has been added to the reference index table sys_refindex. This requires a rebuild of the table. All instances must update the reference index when upgrading.	-	local:14.3.x	13.2/Important-103748-ReferenceIndexRebuildRequired.rst
103752	Deprecation	13.2	Obsolete `$GLOBALS['TYPO3_CONF_VARS']['FE']['addRootLineFields']`	Frontend LocalConfiguration PHP-API FullyScanned ext:core	$GLOBALS['TYPO3_CONF_VARS']['FE']['addRootLineFields'] addRootLineFields RootlineUtility settings.php	The option is no longer evaluated in TYPO3 Core. It is removed from settings.php during upgrade, if given.	-	local:14.3.x	13.2/Deprecation-103752-ObsoleteGLOBALSTYPO3_CONF_VARSFEaddRootLineFields.rst
103783	Feature	13.2	RecordTransformation Data Processor	Fluid TypoScript ext:frontend	Record tt_content	Example of the data processor being used in conjunction with DatabaseQuery processor.	-	local:14.3.x	13.2/Feature-103783-RecordTransformationDataProcessor.rst
103785	Deprecation	13.2	Deprecate MathUtility::convertToPositiveInteger()	PHP-API FullyScanned ext:core	convertToPositiveInteger() forceIntegerInRange() max() max(0, $number) abs($number)	To recover the original behavior of the deprecated method, its call can be replaced with max(0, $number). To actually convert negative numbers to their positive counterpart, call abs($number).	-	local:14.3.x	13.2/Deprecation-103785-DeprecateMathUtilityConvertToPositiveInteger.rst
103894	Feature	13.2	Additional properties for columns in Page Layouts	Backend Frontend ext:frontend	PageContentFetchingProcessor	Enriching the backend layout information for each colPos enables a TYPO3 integrator to write less TypoScript in order to render content on a page.	-	local:14.3.x	13.2/Feature-103894-AdditionalPropertiesForColumnsInPageLayouts.rst
103915	Important	13.2	Adjust database field defaults for "check" TCA types	Database ext:core	['config']['default'] DataHandler QueryBuilder StorageRepository->createLocalStorage()	TYPO3 v13.0 has introduced automatic database field creation for TCA fields configured as type "check" (if not explicitly defined in ext_tables.sql), via `https://review.typo3.org/c/Packages/TYPO3.CMS…	-	local:14.3.x	13.2/Important-103915-AutoDBCreationForTCATypeCheck.rst
103965	Deprecation	13.2	Deprecate namespaced shorthand validator usage in Extbase	Frontend NotScanned ext:extbase	TYPO3.CMS.Extbase:NotEmpty NotEmptyValidator Vendor.Extension:Custom CustomValidator	Extensions using the namespaced shorthand notation must use the FQCN of the validator instead. For Extbase core validators, the well known shorthand validator name can be used.	-	local:14.3.x	13.2/Deprecation-103965-DeprecateNamespacedShorthandValidatorUsageInExtbase.rst
104002	Feature	13.2	Schema API	PHP-API TCA ext:core	$GLOBALS['TCA'] RelationshipType RelationalFieldTypeInterface $GLOBALS[TCA][sys_workspace_stage] TcaSchema->getPassiveRelations() TcaSchemaFactory itemsProcFunc $GLOBALS[TCA] columnsOverrides	Reading and writing $GLOBALS[TCA] within Configuration/TCA/* and via TCA Overrides is untouched, as the API is meant for reading the information there in a unified way.	-	local:14.3.x	13.2/Feature-104002-SchemaAPI.rst
104020	Feature	13.2	ViewHelper to check feature flags	Fluid ext:fluid		Feature flags can now be checked from within Fluid templates.	-	local:14.3.x	13.2/Feature-104020-ViewHelperToCheckFeatureFlags.rst
104037	Important	13.2	Backend module "Access" renamed to "Permissions"	Backend ext:core		The TYPO3 backend module "Access" has been renamed to "Permissions". This accurately reflects the purpose of this module and improves consistency in the TYPO3 backend.	-	local:14.3.x	13.2/Important-104037-RenameAccessModuleToPermissions.rst
104067	Feature	13.2	Sorting of forms in the form module	Backend ext:form		It's now possible to sort the existing forms in the Form backend module.	-	local:14.3.x	13.2/Feature-104067-SortingOfFormsInTheFormModule.rst
104069	Feature	13.2	Improved backend notifications display and handling	Backend ext:backend		Handling of multiple notifications has been improved by allowing to scroll and clear all notifications at once.	-	local:14.3.x	13.2/Feature-104069-ImprovedBackendNotificationsDisplayAndHandling.rst
104085	Feature	13.2	Edit specific columns of multiple records in List module	Backend ext:backend		It's now possible to edit the columns of multiple records in the Web > List backend module, using the new "Edit columns" button.	-	local:14.3.x	13.2/Feature-104085-EditSpecificColumnsOfMultipleRecordsInListModule.rst
104095	Feature	13.2	Edit specific columns of multiple files in Filelist module	Backend ext:filelist		It's now possible to edit selected columns of multiple file metadata in the File > Filelist backend module, using the new "Edit selected columns" button.	-	local:14.3.x	13.2/Feature-104095-EditSpecificColumnsOfMultipleFilesInFilelistModule.rst
104108	Deprecation	13.2	Table dependant definition of columnsOnly	Backend NotScanned ext:backend	EditDocumentController array	The fields to be rendered have to be passed as an array under the corresponding table name. An example, building such link using the `UriBuilder`:	-	local:14.3.x	13.2/Deprecation-104108-TableDependantDefinitionOfColumnsOnly.rst
104114	Feature	13.2	Command to generate Fluid schema files	CLI Fluid ext:fluid		To get autocompletion for all available ViewHelpers in supporting IDEs, the following CLI command can be executed in local development environments:	-	local:14.3.x	13.2/Feature-104114-CommandToGenerateFluidSchemaFiles.rst
104153	Important	13.2	About database error "Row size too large"	Database ext:core	type='link' type='slug' type='input' max 255		-	local:14.3.x	13.2/Important-104153-AboutDatabaseErrorRowSizeTooLarge.rst
104154	Deprecation	13.2	Deprecate Utility.updateQueryStringParameter()	JavaScript NotScanned ext:backend		Now, JavaScript supports the URL and its related URLSearchParams object that can be used to achieve the same result:	-	local:14.3.x	13.2/Deprecation-104154-DeprecateUtilityupdateQueryStringParameter.rst
104220	Feature	13.2	Make parseFunc allowTags and denyTags optional	Frontend TypoScript ext:core		By omitting allowTags or denyTags, the corresponding rendering instructions can be simplified.	-	local:14.3.x	13.2/Feature-104220-MakeParseFuncAllowTagsAndDenyTagsOptional.rst
104223	Feature	13.2	Update Fluid Standalone to 2.12	Fluid Frontend ext:fluid		Fluid Standalone has been updated to version 2.12. This version adds new capabilities for tab based ViewHelpers and adds the new ViewHelper f:constant.	-	local:14.3.x	13.2/Feature-104223-UpdateFluidStandaloneTo212.rst
60357	Important	13.3	CType and colPos locked for translated content	Database TCA ext:frontend	'l10n_mode' => 'exclude' 'l10n_display' => 'defaultAsReadonly' synchronizeColPosAndCTypeWithDefaultLanguage	In the TYPO3 backend, the Type and Column selectors are now read-only when editing a translated content element in connected translation mode.	-	local:14.3.x	13.3/Important-60357-CTypeAndColPosLockedForTranslatedContentElements.rst
83835	Feature	13.3	Check more fields in Link Validator	ext:linkvalidator		Broken links in `sys_file_reference.link`, `sys_redirect.target` and `pages.canonical_link` will now be checked.	-	local:14.3.x	13.3/Feature-83835-CheckMoreFieldsInLinkValidator.rst
93100	Feature	13.3	Allow to directly declare static route variables	Frontend YAML ext:core	StaticMappableAspectInterface	By using the new `static` route configuration directive, custom aspect mapper implementations can be avoided.	-	local:14.3.x	13.3/Feature-93100-AllowToDirectlyDeclareStaticRouteVariables.rst
99418	Feature	13.3	Enable recycler by default	Backend ext:recycler		New composer-based TYPO3 installations based on the TYPO3 CMS Base Distribution, and new legacy installations (tarball / zip download) have the system extension `recycler` enabled by default.	-	local:14.3.x	13.3/Feature-99418-EnableRecyclerByDefault.rst
99510	Feature	13.3	Add file embedding option to asset ViewHelpers	Fluid Frontend ext:fluid		To add inline styles and scripts from a referenced file, the new inline argument can be set.	-	local:14.3.x	13.3/Feature-99510-AddFileEmbeddingOptionToAssetViewhelpers.rst
101252	Feature	13.3	Introduce ErrorHandler for 403 errors with redirect option	Frontend ext:core	RedirectLoginErrorHandler typolinkLinkAccessRestrictedPages = NONE loginRedirectTarget loginRedirectParameter return_url redirect_url PageErrorHandlerInterface	It is now possible to configure a login redirection process when a user has no access to a page and a 403 error is thrown, so that after login the originating URL is requested again.	-	local:14.3.x	13.3/Feature-101252-IntroduceErrorHandlerFor403ErrorsWithRedirectOption.rst
101391	Feature	13.3	Add base64 attribute to ImageViewHelper	Fluid ext:fluid		The ViewHelpers <f:image> and <f:uri.image> now support the attribute base64="true" that will provide a possibility to return the value of the image's src attribute encoded in base64.	-	local:14.3.x	13.3/Feature-101391-AddBase64OptionToImageViewHelper.rst
101472	Feature	13.3	Allow static routes to assets	Frontend YAML ext:frontend		Static routes to files shipped with extensions can now be configured in the site configuration.	-	local:14.3.x	13.3/Feature-101472-AllowStaticRoutesToAssets.rst
101535	Important	13.3	Unused DB fields from tt_content removed	Database PHP-API ext:frontend		The database table `tt_content` contains all necessary fields for rendering content elements.	-	local:14.3.x	13.3/Important-101535-UnusedDBFieldsFromTt_contentRemoved.rst
101559	Deprecation	13.3	Extbase uses ext:core ViewInterface	Fluid PHP-API NotScanned ext:extbase	ViewInterface FluidViewAdapter getRenderingContext() setRenderingContext() renderSection() renderPartial() ActionController $view instanceof FluidViewAdapter $view RenderingContext $view->getRenderingContext()	Methods on "old" Fluid instances were wrapper methods for RenderingContext. Controllers should call $view->getRenderingContext() to perform operations instead.	-	local:14.3.x	13.3/Deprecation-101559-ExtbaseUsesExtcoreViewInterface.rst
102255	Feature	13.3	Option to skip URL processing in AssetRenderer	PHP-API ext:core	AssetCollector $assetCollector->addStyleSheet() $assetCollector->addJavaScript()	Developers can now use the AssetCollector API to embed JavaScript or CSS files without any processing of the supplied asset URI.	-	local:14.3.x	13.3/Feature-102255-OptionToSkipURLProcessingInAssetRenderer.rst
102353	Feature	13.3	AVIF support for images generated by GIFBUILDER	Frontend TypoScript ext:frontend	$TYPO3_CONF_VARS['GFX']['avif_quality']	If defined via format=avif within a GifBuilder setup, the generated files are now AVIF files instead of png (the default).	-	local:14.3.x	13.3/Feature-102353-AVIFSupportForImagesGeneratedByGIFBUILDER.rst
102422	Deprecation	13.3	TypoScriptFrontendController->addCacheTags() and ->getPageCacheTags()	PHP-API FullyScanned ext:core	TypoScriptFrontendController->addCacheTags() TypoScriptFrontendController->getPageCacheTags()	Calling the methods TypoScriptFrontendController->addCacheTags() and TypoScriptFrontendController->getPageCacheTags() will trigger a PHP deprecation warning.	-	local:14.3.x	13.3/Deprecation-102422-TypoScriptFrontendController-addCacheTags.rst
102422	Feature	13.3	Introduce CacheDataCollector Api	PHP-API ext:core	'frontend.cache.collector' PHP_INT_MAX @internal	A new API has been introduced to collect cache tags and their corresponding lifetime. This API is used in TYPO3 to accumulate cache tags from page cache and content object cache.	-	local:14.3.x	13.3/Feature-102422-CacheDataCollectorApi.rst
102821	Deprecation	13.3	ExtensionManagementUtility::addPItoST43()	LocalConfiguration PHP-API FullyScanned ext:core	addPItoST43()	Using the addPItoST43() will raise a deprecation level log entry and a fatal error in TYPO3 v14.	-	local:14.3.x	13.3/Deprecation-102821-ExtensionManagementUtilityaddPItoST43.rst
103090	Feature	13.3	Make link type label configurable	Backend ext:linkvalidator	LabelledLinktypeInterface getReadableName AbstractLinktype getReadableName()	Custom linktype classes should now configure a label by implementing the method getReadableName().	-	local:14.3.x	13.3/Feature-103090-MakeLinktypeLabelConfigurable.rst
103511	Feature	13.3	Introduce Extbase file upload and deletion handling	PHP-API ext:extbase	FileReference FileReference> FileUpload FileUploadConfiguration array string object bool initialize*Action $propertyName FileNameValidator FileExtensionMimeTypeConsistencyValidator UploadedFile FileExtensionValidator FileSizeValidator MimeTypeValidator ImageDimensionsValidator addValidator minFiles 1:/user_upload/folder/ createUploadFolderIfNotExist true job-application.pdf job-application-<random-hash>.pdf RENAME REPLACE CANCEL item file 2 +17-more-see-rst	Extension developers can use the new feature to implement file uploads and file deletions in Extbase extensions easily with commonly known Extbase property attributes/annotations.	-	local:14.3.x	13.3/Feature-103511-IntroduceExtbaseFileUploadHandling.rst
103521	Feature	13.3	Change table restrictions UI to combine read and write permissions	Backend JavaScript PHP-API TCA ext:core	TablePermissionElement TcaTablePermission	Managing table permissions for backend user groups has been improved by visually combining the `Tables (listing) [tables_select]` and `Tables (modify) [tables_modify]` options, as well as by adding th…	-	local:14.3.x	13.3/Feature-103521-ChangeTableRestrictionsUiToCombineReadAndWritePermissions.rst
103576	Feature	13.3	Allow defining opacity in TCA type=color element	TCA ext:backend		If `opacity` is enabled, editors can select not only a color but also its opacity in a corresponding color element.	-	local:14.3.x	13.3/Feature-103576-AllowDefiningOpacityInColorElement.rst
103581	Feature	13.3	Automatically transform TCA field values for record objects	Backend FlexForm Frontend TCA ext:core	Record FileReference Folder DateTimeImmutable category file folder group inline select MM foreign_table datetime flex json link LazyRecordCollection LazyFileReferenceCollection LazyFolderCollection relationship oneToOne manyToOne NULL maxitems oneToMany DateTimeInterface TypolinkParameter renderType=selectSingle manyToMany RecordFactory +1-more-see-rst	When using Record objects through the RecordFactory API, e.g. via RecordTransformationProcessor (record-transformation) or PageContentFetchingProcessor (`page-content`), the corresponding Record objec…	-	local:14.3.x	13.3/Feature-103581-AutomaticallyTransformTCAFieldValuesForRecordObjects.rst
103789	Feature	13.3	Add "close"-button to page layout, if returnUrl is set	Backend ext:backend		The change has no impact, unless the functionality is being used.	-	local:14.3.x	13.3/Feature-103789-AddCloseButtonToPageLayoutIfReturnUrlIsSet.rst
104126	Feature	13.3	Add configuration setting to define backend-locking file	Backend CLI LocalConfiguration ext:backend	$GLOBALS['TYPO3_CONF_VARS']['BE']['lockBackendFile'] BackendLocker	The location for LOCK_BACKEND to lock (and unlock) the backend can now be controlled by maintainers of a TYPO3 installation, and has moved outside of typo3conf/ by default to either var/lock/ (Compose…	-	local:14.3.x	13.3/Feature-104126-AddConfigurationSettingToDefineBackendLockingFile.rst
104126	Important	13.3	Drop "typo3conf" directory from system status check and backend locking	Backend CLI LocalConfiguration ext:backend	$GLOBALS['TYPO3_CONF_VARS']['BE']['lockBackendFile']	The directory typo3conf is no longer needed in Composer Mode. Checking for the existence of this directory is no longer performed in the Environment and Install Tool.	-	local:14.3.x	13.3/Important-104126-DropTypo3confDirectoryFromSystemStatusAndBackendLocking.rst
104168	Feature	13.3	PSR-14 event for modifying countries	PHP-API ext:core	BeforeCountriesEvaluatedEvent CountryProvider Country	Using the PSR-14 event BeforeCountriesEvaluatedEvent allows modification of countries provided by CountryProvider.	-	local:14.3.x	13.3/Feature-104168-PSR-14EventForModifyingCountries.rst
104221	Feature	13.3	PSR-14 events for RTE <-> Persistence transformations	Backend PHP-API ext:core	RteHtmlParser transformTextForRichTextEditor transformTextForPersistence $GLOBALS['TYPO3_CONF_VARS']['SC_OPTIONS']['t3lib/class.t3lib_parsehtml_proc.php']['transformation'] allowAttributes BeforeTransformTextForPersistenceEvent AfterTransformTextForPersistenceEvent BeforeTransformTextForRichTextEditorEvent AfterTransformTextForRichTextEditorEvent getHtmlContent() setHtmlContent() getInitialHtmlContent() getProcessingConfiguration() $value = $event->getHtmlContent()	Using the new PSR-14 events * BeforeTransformTextForPersistenceEvent * AfterTransformTextForPersistenceEvent * BeforeTransformTextForRichTextEditorEvent * AfterTransformTextForRichTextEditorEvent allo…	-	local:14.3.x	13.3/Feature-104221-IntroducePSR14EventsForRteTransformations.rst
104223	Deprecation	13.3	Fluid standalone methods	Fluid PHP-API FullyScanned ext:fluid	AbstractTagBasedViewHelper->registerUniversalTagAttributes() AbstractTagBasedViewHelper->registerTagAttribute() registerUniversalTagAttributes() @deprecated $this->additionalArguments $this->arguments registerTagAttribute() AbstractTagBasedViewHelper render() boolean registerArgument()	Calling these methods is discouraged. They will log a deprecation level error when used with Fluid standalone v4.	-	local:14.3.x	13.3/Deprecation-104223-FluidStandaloneMethods.rst
104304	Deprecation	13.3	BackendUtility::getTcaFieldConfiguration	PHP-API TCA FullyScanned ext:backend	getTcaFieldConfiguration $GLOBALS['TCA']	Either access $GLOBALS['TCA'] directly (in order to support TYPO3 v12 and TYPO3 v13), or migrate to the new Schema API:	-	local:14.3.x	13.3/Deprecation-104304-BackendUtilitygetTcaFieldConfiguration.rst
104311	Feature	13.3	Auto created system TCA columns	TCA ext:core	TCA ctrl $GLOBALS['TCA']['ctrl']['enablecolumns']['starttime'] = 'starttime' columns types palettes file category email TcaSchema languageField transOrigPointerField l10n_parent $table pages	Extension developers can typically remove columns definitions of all the above fields and rely on TYPO3 Core creating them with a good default definition.	-	local:14.3.x	13.3/Feature-104311-AutoCreatedSystemTCAColumns.rst
104321	Feature	13.3	Allow handling of argument mapping exceptions in ActionController	Frontend ext:extbase	handleArgumentMappingExceptions ActionController TargetNotFoundException RequiredArgumentMissingException pageNotFound	Extension authors can now handle exceptions in implementations of a ActionController, which are thrown during argument mapping.	-	local:14.3.x	13.3/Feature-104321-AllowHandlingOfArgumentMappingExceptionsInActionController.rst
104325	Deprecation	13.3	DiffUtility->makeDiffDisplay()	PHP-API FullyScanned ext:core	DiffUtility->makeDiffDisplay() DiffUtility->stripTags DiffUtility->diff() strip_tags() DiffUtility $stripTags DiffUtility->stripTags = false diff()	If DiffUtility->stripTags *is not* explicitly set to false, a typical migration looks like this:	-	local:14.3.x	13.3/Deprecation-104325-DiffUtility-makeDiffDisplay.rst
104451	Feature	13.3	Redis backends support for key prefixing	Frontend LocalConfiguration ext:core		The new feature allows to use the same Redis database for multiple caches or even for multiple TYPO3 instances while having no impact on existing configuration.	-	local:14.3.x	13.3/Feature-104451-RedisBackendsSupportForKeyPrefixing.rst
104463	Deprecation	13.3	Fluid standalone overrideArgument	PHP-API FullyScanned ext:fluid	AbstractViewHelper->overrideArgument() overrideArgument() registerArgument()	Update `typo3fluid/fluid` to at least 2.14 and use registerArgument().	-	local:14.3.x	13.3/Deprecation-104463-FluidStandaloneOverrideArgument.rst
104482	Feature	13.3	Add if() support to ExpressionBuilder	Database PHP-API ext:core	ExpressionBuilder	Extension authors can use the new expression method to build more advanced queries without the requirement to deal with the correct implementation for all supported database vendors.	-	local:14.3.x	13.3/Feature-104482-IfSupportInExpressionBuilder.rst
104493	Feature	13.3	Add `castText()` expression support to `ExpressionBuilder`	Database PHP-API ext:core	ExpressionBuilder	Extension authors can use the new expression method to build more advanced queries without the requirement to deal with the correct implementation for all supported database vendors - at least to some…	-	local:14.3.x	13.3/Feature-104493-AddCastTextExpressionSupportToExpressionBuilder.rst
104526	Feature	13.3	Provide validators for PSR-7 UploadedFile objects in Extbase	Backend ext:extbase	UploadedFile ObjectStorage UploadedFileInterface minimum maximum allowedMimeTypes ignoreFileExtensionCheck width height minWidth maxWidth minHeight maxHeight	TYPO3 extension autors can now use the new validators to validate a given UploadedFile object.	-	local:14.3.x	13.3/Feature-104526-ProvideValidatorsForPSR-7UploadedFileObjectsInExtbase.rst
104607	Deprecation	13.3	BackendUserAuthentication:returnWebmounts()	PHP-API TCA FullyScanned ext:core	returnWebmounts() getWebmounts()	Existing calls to returnWebmounts() should be replaced by getWebmounts().	-	local:14.3.x	13.3/Deprecation-104607-BackendUserAuthenticationReturnWebmounts.rst
104631	Feature	13.3	Add `UNION Clause` support to the QueryBuilder	Database PHP-API ext:core	QueryBuilder union(string|QueryBuilder $part) DISTINCT) ConcreteQueryBuilder $pageIdOne = 100 $pageIdTwo = 10	Extension authors can use the new QueryBuilder methods to build more advanced queries.	-	local:14.3.x	13.3/Feature-104631-AddUNIONClauseSupportToTheQueryBuilder.rst
104655	Feature	13.3	Add console command to mark upgrade wizards as undone	CLI ext:install		You can now mark an already executed upgrade wizard as "undone" with typo3 upgrade:mark:undone	-	local:14.3.x	13.3/Feature-104655-AddConsoleCommandToMarkUpgradeWizardsAsUndone.rst
104662	Deprecation	13.3	BackendUtility thumbCode	PHP-API FullyScanned ext:backend	thumbCode() FileReference process()	Remove any usage of this method. In case you currently rely on the functionality, you can copy it to your custom extension.	-	local:14.3.x	13.3/Deprecation-104662-BackendUtilityThumbCode.rst
104684	Deprecation	13.3	Fluid RenderingContext->getRequest()	Fluid PHP-API NotScanned ext:fluid	RenderingContext->setRequest() RenderingContext->getRequest() RenderingContext setRequest() getRequest() RenderingContextInterface ServerRequestInterface setAttribute() hasAttribute() getAttribute()	Class RenderingContext of the Core extension Fluid extends class RenderingContext of Fluid standalone and adds the methods setRequest() and getRequest().	-	local:14.3.x	13.3/Deprecation-104684-FluidRenderingContext-getRequest.rst
104764	Deprecation	13.3	Fluid TemplatePaths->fillDefaultsByPackageName	PHP-API FullyScanned ext:fluid	TemplatePaths->fillDefaultsByPackageName() setTemplateRootPaths() setLayoutRootPaths() setPartialRootPaths() ViewFactoryInterface fillDefaultsByPackageName() ActionController TemplatePaths	Use ViewFactoryInterface to create views with proper template paths instead. The TYPO3 system extensions come with plenty of examples on how to do this.	-	local:14.3.x	13.3/Deprecation-104764-FluidTemplatePaths-fillDefaultsByPackageName.rst
104773	Deprecation	13.3	Custom Fluid views and Extbase	PHP-API PartiallyScanned ext:core	StandaloneView TemplateView AbstractTemplateView ViewResolverInterface GenericViewResolver ViewFactoryInterface create() ActionController->defaultViewObjectName JsonView class __construct()	Extensions should no longer directly instantiate own views, but should get ViewFactoryInterface injected and use create() to retrieve a view.	-	local:14.3.x	13.3/Deprecation-104773-CustomFluidViewsAndExtbase.rst
104773	Deprecation	13.3	ext:backend LoginProviderInterface changes	PHP-API NotScanned ext:backend	LoginProviderInterface->render() LoginProviderInterface->modifyView() render() ModifyPageLayoutOnLoginProviderSelectionEvent getController() getPageRenderer() getRequest() getView() ViewInterface LoginProviderInterface UsernamePasswordLoginProvider modifyView() PageRenderer	Consumers of LoginProviderInterface should implement modifyView() instead, the transition should be smooth.	-	local:14.3.x	13.3/Deprecation-104773-ExtbackendLoginProviderInterfaceChanges.rst
104773	Feature	13.3	Generic view factory	Fluid PHP-API ext:core	ViewFactoryInterface ViewInterface $this->view	Instances of this interface should be injected using dependency injection.	-	local:14.3.x	13.3/Feature-104773-GenericViewFactory.rst
104778	Deprecation	13.3	Instantiation of IconRegistry in ext_localconf.php	PHP-API NotScanned ext:core	IconRegistry BootCompletedEvent	The most common use-cases can be accomplished via the Configuration/Icons.php file. Before:	-	local:14.3.x	13.3/Deprecation-104778-InstantiationOfIconRegistryInExtLocalconf.rst
104789	Deprecation	13.3	Fluid variables true, false, null	Fluid NotScanned ext:fluid	$view->assign('true', $someVar)	Template code using these variables should be adjusted to use different variable names. In Fluid v4, the variables will contain their matching PHP counterparts.	-	local:14.3.x	13.3/Deprecation-104789-FluidVariablesTrueFalseNull.rst
104789	Deprecation	13.3	renderStatic() for Fluid ViewHelpers	Fluid PartiallyScanned ext:fluid	renderStatic() CompileWithContentArgumentAndRenderStatic CompileWithRenderStatic render() renderStatic static $arguments $this->arguments $renderingContext $this->renderingContext $renderChildrenClosure() $this->renderChildren() $renderChildrenClosure $this->renderChildren(...) resolveContentArgumentName( getContentArgumentName( RenderingContextInterface; CompileWithRenderStatic; CompileWithContentArgumentAndRenderStatic; use CompileWithRenderStatic; use CompileWithContentArgumentAndRenderStatic;	ViewHelpers should always use render() as their primary rendering method.	-	local:14.3.x	13.3/Deprecation-104789-RenderStaticForFluidViewHelpers.rst
104789	Feature	13.3	Support for contentArgumentName in AbstractViewHelper	Fluid ext:fluid	CompileWithContentArgumentAndRenderStatic AbstractViewHelper	ViewHelpers using the trait CompileWithContentArgumentAndRenderStatic should be migrated to the new feature.	-	local:14.3.x	13.3/Feature-104789-SupportForContentArgumentNameInAbstractViewHelper.rst
104794	Feature	13.3	Introduce Site Settings Editor	Backend Frontend YAML ext:backend		Site-scoped settings will most likely be the place to configure site-wide configuration, which was previously only possible to modify via Constant Editor, modifying TypoScript constants.	-	local:14.3.x	13.3/Feature-104794-IntroduceSiteSettingsEditor.rst
104814	Feature	13.3	Automatically add system fields to content types	PHP-API TCA ext:core	CType showitem ctrl ctrl[type] colPos ctrl[languageField] sys_language_uid ctrl[editlock] editlock ctrl[enablecolumns][disabled] hidden ctrl[enablecolumns][starttime] starttime ctrl[enablecolumns][endtime] endtime ctrl[enablecolumns][fe_group] fe_group ctrl[descriptionColumn] rowDescription addToAllTcaTypes() general	Creating content elements has been simplified by removing the need to define the system fields for each element again and again.	-	local:14.3.x	13.3/Feature-104814-AutomaticallyAddSystemFieldsToContentTypes.rst
104832	Feature	13.3	PSR-14 Event to alter the results of PageTreeRepository	Backend PHP-API ext:backend	AfterRawPageRowPreparedEvent #[AsEventListener] page	Using the new PSR-14 event, it is now possible to modify the populated page properties or its children records.	-	local:14.3.x	13.3/Feature-104832-PSR-14EventToAlterTheResultsOfPageTreeRepository.rst
104844	Feature	13.3	Add widgets for listing all the sys_notes inside the TYPO3 system	Backend ext:dashboard		TYPO3 users who have access to the Dashboard module and are granted access to the new widgets can now add and use these widgets.	-	local:14.3.x	13.3/Feature-104844-Dashboard-Sys_note-AddWidgetsForListingAllTheSys_notesInsideTheTYPO3System.rst
104846	Feature	13.3	Custom field transformations for new records	PHP-API ext:core	Record FileReference Folder DateTimeImmutable RecordCreationEvent StoppableEventInterface RecordInterface setRecord() hasProperty() setProperty() setProperties() unsetProperty() getProperty() getProperties() getRawRecord() RawRecord getSystemProperties() SystemProperties getContext() Context isPropagationStopped() #[AsEventListener] Coordinates coordinates maps	Using the new PSR-14 RecordCreationEvent, extension authors are able to apply any field transformation to any property before a Record is created.	-	local:14.3.x	13.3/Feature-104846-CustomFieldTransformationsForNewRecords.rst
104868	Feature	13.3	Add color scheme switching	Backend ext:backend		If you don't want the automatic switching and don't include the `setup` core extension in your environment, you need to manually disable the feature yourself using the UserTS configuration setup.field…	-	local:14.3.x	13.3/Feature-104868-AddColorSchemeSwitching.rst
104878	Feature	13.3	Introduce dashboard widget for pages with latest changes	Backend ext:dashboard		TYPO3 users who have access to the Dashboard module and are granted access to the new widgets can now add and use this widget.	-	local:14.3.x	13.3/Feature-104878-IntroduceDashboardWidgetForPagesWithLatestChanges.rst
104896	Feature	13.3	Raise Fluid Standalone to 4.0	Fluid ext:fluid		For existing installations, negative consequences of this update should be minimal as deprecated features will still work.	-	local:14.3.x	13.3/Feature-104896-RaiseFluidStandaloneTo40.rst
104904	Feature	13.3	Ignore Fluid syntax error in <f:comment>	Fluid ext:fluid	RemoveCommentsTemplateProcessor	This feature is helpful during template development because developers don't need to take care for commented-out code being valid Fluid code.	-	local:14.3.x	13.3/Feature-104904-IgnoreFluidSyntaxErrorInFComment.rst
104914	Feature	13.3	Updated HTTP headers for frontend rendering and new TypoScript setting for proxies	Frontend TypoScript ext:frontend		By utilizing the new TypoScript setting, TYPO3 caches cacheable contents, and also instructs shared caches such as reverse proxies or CDNs to cache the HTTP Response, while always delivering fresh con…	-	local:14.3.x	13.3/Feature-104914-UpdatedHTTPHeadersForFrontendRenderingAndNewTypoScriptSettingForProxies.rst
104935	Feature	13.3	Allow moving content elements via page tree	Backend ext:backend		Content elements can be moved from the Web > Page module into the page tree to initiate the moving process.	-	local:14.3.x	13.3/Feature-104935-AllowMovingContentElementsViaPageTree.rst
104973	Feature	13.3	Activate the shipped LintYaml executable for TYPO3	CLI YAML		Integrate easy made linting of YAML files from Core, custom extensions or any other source into your quality assurance workflow in the known format of the typo3 executable.	-	local:14.3.x	13.3/Feature-104973-ActivateLintYamlExecutableForTYPO3.rst
104990	Feature	13.3	Automatic frontend cache tagging	Frontend ext:core	frontend.cache.autoTagging	Instances configured with the feature toggle automatically tag caches. Affected cache entries will be removed when changing records.	-	local:14.3.x	13.3/Feature-104990-AutomaticFrontendCacheTagging.rst
92187	Important	13.4.x	Evaluation of incoming HTTP Header X-Forwarded-Proto	LocalConfiguration ext:core		When running TYPO3 behind a reverse proxy, the site owner needs to set two TYPO3 settings.	-	local:14.3.x	13.4.x/Important-92187-EvaluationOfIncomingHTTPHeaderX-Forwarded-Proto.rst
103140	Important	13.4.x	Allow to configure rate limiters in Message consumer (Symfony Messenger)	PHP-API ext:core		This change introduces missing configuration options for Symfony Messenger-based rate limiters.	-	local:14.3.x	13.4.x/Important-103140-AllowToConfigureRateLimiters.rst
104477	Important	13.4.x	Remove hyphen prefix from sys_log's data field entry	Database ext:core	DatabaseWriter	The DatabaseWriter is used to write logs into the database table `sys_log`. Additional log information data is persisted in the field `data` and has been prefixed with a `-` until now.	-	local:14.3.x	13.4.x/Important-104477-RemoveHyphenPrefixFromSys_logsDataFieldEntry.rst
105007	Important	13.4.x	Manipulation of final search query in EXT:indexed_search	PHP-API ext:indexed_search	BeforeFinalSearchQueryIsExecutedEvent QueryBuilder searchWords freeIndexUid	By removing the searchSkipExtendToSubpagesChecking option in 97530, there might have been performance implications for installations with a lot of sites.	-	local:14.3.x	13.4.x/Important-105007-ManipulationOfFinalSearchQueryInEXTindexed_search.rst
105076	Deprecation	13.4	Plugin content element and plugin sub types	Fluid PHP-API PartiallyScanned ext:extbase	list_type PLUGIN_TYPE_PLUGIN addPlugin() configurePlugin() $pluginType CType PLUGIN_TYPE_CONTENT_ELEMENT registerPlugin() AbstractListTypeToCTypeUpdate IndexedSearchCTypeMigration	Existing plugins must be migrated to use the `CType` record type.	-	local:14.3.x	13.4/Deprecation-105076-PluginContentElementAndPluginSubTypes.rst
105171	Deprecation	13.4	INCLUDE_TYPOSCRIPT TypoScript syntax	TypoScript NotScanned ext:core		Most usages of <INCLUDE_TYPOSCRIPT: can be turned into @import easily. A few examples:	-	local:14.3.x	13.4/Deprecation-105171-INCLUDE_TYPOSCRIPTTypoScriptSyntax.rst
105175	Important	13.4	Move FrontendBackendUserAuthentication into EXT:frontend	Frontend ext:frontend	FrontendBackendUserAuthentication	The internal FrontendBackendUserAuthentication class, used for frontend requests while being logged in the backend has been moved from EXT:backend to EXT:frontend, since its dependencies are limited t…	-	local:14.3.x	13.4/Important-105175-MoveFrontendBackendUserAuthenticationIntoEXTfrontend.rst
105213	Deprecation	13.4	TCA sub types	PHP-API TCA FullyScanned ext:core	subtype_value_field subtypes_addlist subtypes_excludelist tt_content CType list list_type	Replace any subtype_value_field configuration with dedicated record types. Please also consider migrating corresponding subtypes_addlist and subtypes_excludelist definitions accordingly.	-	local:14.3.x	13.4/Deprecation-105213-TCASubTypes.rst
105230	Deprecation	13.4	TypoScriptFrontendController and $GLOBALS['TSFE']	Frontend PHP-API FullyScanned ext:frontend	TypoScriptFrontendController $GLOBALS['TSFE']	See breaking-102621-1701937690 for details on substitutions. In general, most state used by extensions has been turned into request attributes.	-	local:14.3.x	13.4/Deprecation-105230-TypoScriptFrontendControllerAndGLOBALSTSFE.rst
105252	Deprecation	13.4	DataProviderContext getters and setters	Backend PHP-API NotScanned ext:backend	DataProviderContext setX() getX() readonly DataProviderContext->setPageId() DataProviderContext->setTableName() DataProviderContext->setFieldName() DataProviderContext->setData() DataProviderContext->setPageTsConfig() DataProviderContext->getPageId() DataProviderContext->getTableName() DataProviderContext->getFieldName() DataProviderContext->getData() DataProviderContext->getPageTsConfig() $GLOBALS['TYPO3_CONF_VARS']['SC_OPTIONS']['BackendLayoutDataProvider'] new()	Create new objects using PCPP with named arguments instead of the setters. Instances should be created using new():	-	local:14.3.x	13.4/Deprecation-105252-DataProviderContextGettersAndSetters.rst
105279	Deprecation	13.4	Replace TYPO3 EnumType with Doctrine DBAL EnumType	Database PHP-API NotScanned ext:core	EnumType	Upgrade (directly) to TYPO3 v13.4 or ensure to avoid updating Doctrine DBAL to 4.2.x or newer versions in Composer-based instances. Replace EnumType type declarations with EnumType.	-	local:14.3.x	13.4/Deprecation-105279-ReplaceTYPO3EnumTypeWithDoctrinedbalEnumType.rst
105297	Deprecation	13.4	`tableoptions` and `collate` connection configuration	Database LocalConfiguration NotScanned ext:core	$GLOBALS['TYPO3_CONF_VARS']['DB']['Connections']['Default']['tableoptions'] charset collate tableoptions defaultTableOptions collation E_USER_DEPRECATED settings.php additional.php	Review settings.php and additional.php and adapt the deprecated configuration by renaming affected array keys.	-	local:14.3.x	13.4/Deprecation-105297-DeprecateTableoptionsAndCollateConnectionConfiguration.rst
105310	Important	13.4.x	Create CHAR and BINARY as fixed-length columns	Database ext:core	DefaultTcaSchema $fixed = true ExpressionBuilder ExpressionBuilder->trim() ExpressionBuilder->rightPad() trim() rightPad()	TYPO3 parses `ext_tables.sql` files into a Doctrine DBAL object schema to define a virtual database scheme, enriched with DefaultTcaSchema information for TCA-managed tables and fields.	-	local:14.3.x	13.4.x/Important-105310-CreateCHARAndBINARYAsFixedLengthColumns.rst
105638	Feature	13.4.x	Modify fetched page content	Frontend PHP-API TypoScript ext:frontend	SlideMode AfterContentHasBeenFetchedEvent $groupedContent $request #[AsEventListener] PageContentFetchingProcessor	Using the new PSR-14 AfterContentHasBeenFetchedEvent, it's possible to manipulate the page content, which has been fetched by the PageContentFetchingProcessor, based on the page layout and correspondi…	-	local:14.3.x	13.4.x/Feature-105638-ModifyFetchedPageContent.rst
105653	Important	13.4.x	Require a template filename in extbase module template rendering	Backend ext:backend	renderResponse() render() $templateFileName InvalidArgumentException	With the introduction of the FluidAdapter in TYPO3 v13, the dependency between Fluid and Extbase has been decoupled.	-	local:14.3.x	13.4.x/Important-105653-RequireATemplateFilenameInExtbaseModuleTemplateRendering.rst
105703	Important	13.4.x	Premature end of script headers due to X-TYPO3-Cache-Tags	Backend ext:core		The `X-TYPO3-Cache-Tags` header is now split into multiple lines if it exceeds the maximum of 8000 characters.	-	local:14.3.x	13.4.x/Important-105703-PrematureEndOfScriptHeadersDueToXTYPO3CacheTags.rst
106401	Important	13.4.x	Treat 0 as a defined value for nullable datetime fields	Backend Database JavaScript ext:backend		For nullable integer-based datetime fields, the value `0` now explicitly represents the Unix epoch time (`1970-01-01T00:00:00Z`) instead of being interpreted as an empty value by FormEngine.	-	local:14.3.x	13.4.x/Important-106401-Treat0AsADefinedValueForNullableDatetimeFields.rst
106467	Important	13.4.x	Align Extbase DateTime handling to FormEngine and DataHandler	Database PHP-API ext:extbase	DateTimeInterface 'extbase.consistentDateTimeHandling' DateTime $timezone	Extbase handling of DateTimeInterface domain model properties has been aligned with the persistence and database value interpretation behavior of the TYPO3 Core Engine (FormEngine and DataHandler).	-	local:14.3.x	13.4.x/Important-106467-AlignExtbaseDateTimeHandlingToFormEngineAndDataHandler.rst
106494	Important	13.4.x	Adapt custom instances of AbstractFormFieldViewHelper to deal with `persistenceManager->getIdentifierByObject()` methods	Fluid Frontend PHP-API ext:extbase	AbstractFormFieldViewHelper convertToPlainValue()	When dealing with relations to multilingual Extbase entities, these relations should always store their reference to the "original" (`sys_language_uid=0`) entity, so that later on, language record ove…	-	local:14.3.x	13.4.x/Important-106494-AdaptInstancesOfAbstractFormFieldViewHelperDealingWithGetIdentifierByObject.rst
106508	Important	13.4.x	Respect column `CHARACTER SET` and `COLLATE` in `ext_tables.sql`	Database ext:core		TYPO3 now reads column based `CHARACTER SET` and `COLLATION` from extension ext_tables.sql files and applies them on column level.	-	local:14.3.x	13.4.x/Important-106508-RespectColumnCharacterSetAndCollationInExt_tablessql.rst
106894	Important	13.4.x	Site settings.yaml is now stored as a map	YAML ext:core		Site settings are defined as a map of keys, with a defined type and default. The values were previously stored as a tree representation in settings.yaml, e.g.:	-	local:14.3.x	13.4.x/Important-106894-SiteSettingsyamlIsNowStoredAsAMap.rst
107062	Important	13.4.x	Avoid applying Content-Security-Policy nonce sources when not required	Backend Frontend PHP-API ext:core	ConsumableNonce ConsumableString consumeInline() consumeStatic() PolicyPreparedEvent ContentSecurityPolicyHeaders useNonce Behavior true null false	Using nonce sources in a Content-Security-Policy (CSP) HTTP header implicitly leads to having a `Cache-Control: private, no-store` HTTP response header and internally requires to renew the nonce value…	-	local:14.3.x	13.4.x/Important-107062-AvoidApplyingContent-Security-PolicyNonceSourcesWhenNotRequired.rst
107063	Important	13.4.x	CKEditor 5 v46.1.0: TypeScript imports and CSS changes	Backend RTE NotScanned		With the upgrade to CKEditor 5 v46.1.0, three relevant changes are made: #. The API naming of TypeScript type imports has changed a lot.	-	local:14.3.x	13.4.x/Important-107063-CKEditor5-v46.rst
107342	Important	13.4.x	Extend listForms method in FormPersistenceManagerInterface	Backend ext:form NotScanned	listForms() FormPersistenceManagerInterface $orderField $orderDirection public function listForms(array $formSettings, string $orderField = '', ?SortDirection $orderDirection = null): array;	With this change, the method signature of listForms(), defined by the FormPersistenceManagerInterface, has been extended by two arguments: $orderField and $orderDirection.	-	local:14.3.x	13.4.x/Important-107342-ExtendListFormsMethodInFormPersistenceManagerInterface.rst
107594	Important	13.4.x	Icon overlay for TCA select items	Backend TCA TSConfig ext:backend	iconOverlay SelectItem icon label description group	**Previous approach using Page TSconfig (still works, but no longer recommended):**	-	local:14.3.x	13.4.x/Important-107594-IconOverlayForNewContentElementWizardViaSelectItems.rst
107649	Important	13.4.x	Dependency Injection cache is now PHP version dependant	CLI ext:core		TYPO3 uses the PHP library `symfony/dependency-injection` to build a dependency injection container that contains class factories for services used by TYPO3 or by installed extensions.	-	local:14.3.x	13.4.x/Important-107649-DependencyInjectionCacheIsNowPHPVersionDependant.rst
107681	Important	13.4.x	Disabled state for ShortcutButton and DropDownButton	Backend PHP-API ext:backend	ShortcutButton DropDownButton isDisabled(): bool setDisabled(bool $disabled) GenericButton	No migration is required. This change is fully backward compatible as it only adds new optional functionality. Existing code will continue to work without modifications.	-	local:14.3.x	13.4.x/Important-107681-DisabledStateForShortcutButtonAndDropDownButton.rst
108604	Important	13.4.x	Mitigate deserialization flaws	PHP-API LocalConfiguration ext:core	VariableFrontend AuthenticatedMessageDeserializer set() get() allowed_classes: false Registry DenyListDeserializer ReflectionClass cache:core __destruct() __wakeup() BlockSerializationTrait DeserializerException	**Cache (**VariableFrontend**)** Existing cache entries that contain serialized PHP objects will be treated as cache misses on the next read.	-	local:14.3.x	13.4.x/Important-108604-MitigateDeserializationFlaws.rst
