# TYPO3 changelog index — GENERATED, do not edit by hand.
# grep-only: never read this file as a whole.
# source: local:14.3.x
# columns: number	type	version	title	tags	symbols	migration-gist	note	source	path
# note column: 'note' means notes/{number}.md exists and takes precedence.
17406	Breaking	14.0	Field "url" in table "pages" has been removed	TCA NotScanned ext:core		The upgrade wizard **"Migrate links of pages of type link"** automatically migrates pages of the former type *External URL* to the new page type *Link*.	-	local:14.3.x	14.0/Breaking-17406-FieldUrlInTablePagesHasBeenRemoved.rst
17406	Feature	14.0	Enhance page type "Link" to fully support typolinks	ext:core		Editors and integrators can now use the updated page type "Link" to create menus that contain any link type supported by typolink - including section links for anchor-based navigation, email addresses…	-	local:14.3.x	14.0/Feature-17406-EnhancePageTypeLinkToFullySupportTypolinks.rst
33747	Breaking	14.0	Remove non-implemented sortable Collection logic	PHP-API FullyScanned	SortableCollectionInterface usort($callbackFunction) moveItemAt($currentPosition, $newPosition = 0) usort() uasort() uksort()	Remove any references to SortableCollectionInterface from your code.	-	local:14.3.x	14.0/Breaking-33747-RemoveNonImplementedSortableCollectionLogic.rst
68303	Breaking	14.0	Make tt_content imagewidth/imageheight nullable	Backend Frontend NotScanned ext:frontend		Use the "Media fields zero to null" upgrade wizard to update existing field values. Also, modify your queries to handle `null` values instead of `0`.	-	local:14.3.x	14.0/Breaking-68303-MakeTt_contentImagewidthimageheightNullable.rst
92434	Breaking	14.0	Use Record API in Page Module Preview Rendering	Backend PHP-API Fluid NotScanned ext:backend	StandardContentPreviewRenderer StandardContentPreviewRenderer->linkEditContent() RecordInterface $record PageContentPreviewRenderingEvent PageContentPreviewRenderingEvent->getRecord() PageContentPreviewRenderingEvent->setRecord() GridColumnItem GridColumnItem->getRecord() GridColumnItem->setRecord() GridColumnItem->getRow() FlexFormFieldValues linkEditContent() getRecord() {record}	For custom preview renderers extending StandardContentPreviewRenderer: Update the method signature of linkEditContent() to accept a RecordInterface object:	-	local:14.3.x	14.0/Breaking-92434-UseRecordAPIInPageModulePreviewRendering.rst
92760	Feature	14.0	Configurable timezone for DateViewHelper	Fluid ext:fluid	DateViewHelper	Using the new timezone option, it is now possible to set a specific time zone for the DateViewHelper.	-	local:14.3.x	14.0/Feature-92760-ConfigurableTimezoneForDateViewHelper.rst
93334	Feature	14.0	Translation Domain Mapping	PHP-API Localization ext:core	LanguageService BeforeLabelResourceResolvedEvent $packageKey $domains array<string, string> TranslationDomainMapper LabelFileResolver LocalizationFactory	Translation domains provide a shorter, more readable alternative to file-based label references. The implementation uses deterministic file-system scanning with per-package caching to reduce lookups.	-	local:14.3.x	14.0/Feature-93334-TranslationDomainMapping.rst
93981	Deprecation	14.0	GraphicalFunctions->gif_or_jpg	TCA FullyScanned ext:core	gif_or_jpg() GraphicalFunctions GraphicalFunctions->determineDefaultProcessingFileExtension() 'pdf' @internal GraphicalFunctions->gif_or_jpg() GraphicalFunctions->resize() $targetFileExtension = 'web'	Calling this method will trigger a deprecation-level log entry and will stop working in TYPO3 v15.0.	-	local:14.3.x	14.0/Deprecation-93981-GraphicalFunctionsGifOrJpg.rst
93981	Feature	14.0	Specify default image conversion processing	Frontend ext:core ext:frontend	$GLOBALS['TYPO3_CONF_VARS']['GFX']['imageFileConversionFormats'] $GLOBALS['TYPO3_CONF_VARS']['GFX']['imagefile_ext'] $GLOBALS['TYPO3_CONF_VARS']['SYS']['textfile_ext'] $GLOBALS['TYPO3_CONF_VARS']['SYS']['mediafile_ext'] imagefile_ext 'heic' => 'heic' 'default' => 'heic'	TYPO3 is now more future-proof regarding new image formats and allows modern file formats to be used by configuration.	-	local:14.3.x	14.0/Feature-93981-SpecifyDefaultImageConversionProcessingFormat.rst
97151	Breaking	14.0	Remove "Database Relations" backend module	Backend NotScanned ext:lowlevel		There is no migration available.	-	local:14.3.x	14.0/Breaking-97151-RemoveDatabaseRelationsBackendModule.rst
97559	Deprecation	14.0	Deprecate passing an array of configuration values to Extbase attributes	PHP-API NotScanned ext:extbase		Use the available attribute properties instead of an array.	-	local:14.3.x	14.0/Deprecation-97559-DeprecatePassingAnArrayOfConfigurationValuesToExtbaseAttributes.rst
97559	Feature	14.0	Support property-based configuration for Extbase attributes	PHP-API ext:extbase		This patch serves as a follow-up to 107229 and aims to improve the attribute configuration mechanism by using constructor property promotion in combination with strictly typed properties.	-	local:14.3.x	14.0/Feature-97559-UsePropertiesForConfigurationOfExtbaseAttributes.rst
97857	Deprecation	14.0	Deprecate __inheritances operator in form configuration	Backend ext:form NotScanned	E_USER_DEPRECATED	The custom TYPO3 implementation using __inheritances can be replaced with standard YAML syntax. Developers can achieve the same result by using anchors (&), aliases (*), and overrides (<<:). Before:	-	local:14.3.x	14.0/Deprecation-97857-DeprecateFormInheritances.rst
98070	Breaking	14.0	Remove eval method year	Backend TCA NotScanned ext:backend		Remove the `year` eval setting from your TCA configuration and use a TCA field type that better suits your needs.	-	local:14.3.x	14.0/Breaking-98070-RemoveEvalMethodYear.rst
98239	Breaking	14.0	Removed "afterBuildingFinished" hook	Backend ext:form FullyScanned	$GLOBALS['TYPO3_CONF_VARS']['SC_OPTIONS']['ext/form']['afterBuildingFinished'] BeforeRenderableIsAddedToFormEvent AfterFormIsBuiltEvent	The hook has been removed without a deprecation phase to allow extensions to remain compatible with both TYPO3 v13 (using the hook) and v14+ (using the new events).	-	local:14.3.x	14.0/Breaking-98239-RemovedAfterBuildingFinishedHook.rst
98239	Feature	14.0	PSR-14 Event to modify form after being built	Backend ext:form	AfterFormIsBuiltEvent $GLOBALS['TYPO3_CONF_VARS']['SC_OPTIONS']['ext/form']['afterBuildingFinished'] $form	With the new AfterFormIsBuiltEvent, it is now possible to modify the form definition after it has been built.	-	local:14.3.x	14.0/Feature-98239-IntroducePSR14AfterFormIsBuiltEvent.rst
98453	Deprecation	14.0	Scheduler task registration via SC_OPTIONS	PHP-API NotScanned ext:scheduler	$GLOBALS['TYPO3_CONF_VARS']['SC_OPTIONS']['scheduler']['tasks'] AdditionalFieldProviderInterface AbstractAdditionalFieldProvider getAdditionalFields() validateAdditionalFields() saveAdditionalFields() AdditionalFieldProvider getTaskParameters() setTaskParameters() AbstractTask $this->myField = $parameters['oldName'] ?? $parameters['new_tca_field_name'] ?? ''; SystemStatusUpdateTask	Scheduler tasks should now be registered as native task types using TCA. This provides a more integrated and maintainable approach to task configuration. Migration steps: 1.	-	local:14.3.x	14.0/Deprecation-98453-SchedulerTaskRegistrationViaSCOPTIONS.rst
99065	Feature	14.0	Detail view for backend user groups in 'Users' module	Backend ext:beuser		TYPO3 administrators can now efficiently analyze backend user group configurations without manually tracing through complex inheritance structures.	-	local:14.3.x	14.0/Feature-99065-NewDetailViewForBackendUserGroupInBeUsersModule.rst
99409	Feature	14.0	New PSR-14 BeforeLiveSearchFormIsBuiltEvent	Backend PHP-API ext:backend	BeforeLiveSearchFormIsBuiltEvent addHint() addHints() setHints() getHints() getRequest() getSearchDemand() SearchDemand setSearchDemand() getAdditionalViewData() setAdditionalViewData()	With the new PSR-14 event BeforeLiveSearchFormIsBuiltEvent, it is now possible to modify the form data for the backend live search.	-	local:14.3.x	14.0/Feature-99409-NewPSR-14BeforeLiveSearchFormIsBuiltEvent.rst
99459	Feature	14.0	Respect record type while creating new records	Backend ext:backend	doktype title ModifyNewRecordCreationLinksEvent sys_file_collection index_config pages $event->groupedCreationLinks $event->pageTS $event->pageId $event->request	For tables that support sub-schemas (multiple record types), the new record wizard automatically detects all available types and displays them in a collapsible interface.	-	local:14.3.x	14.0/Feature-99459-RespectRecordTypeWhileCreatingNewRecords.rst
99911	Feature	14.0	New TCA type "country"	Backend TCA ext:core	country filter onlyCountries excludeCountries prioritizedCountries default labelField sortItems required Country getXXX() __toString() Country->getLocalizedNameLabel() LocalizationUtility BeforeCountriesEvaluatedEvent $repository->findBy(['country' => 'DE'])	It is now possible to use a dedicated TCA type for storing a relation to a country in a record. Using the new TCA type, corresponding database columns are added automatically.	-	local:14.3.x	14.0/Feature-99911-NewTCATypeCountry.rst
101059	Feature	14.0	Allow install tool sessions without shared file system	Backend LocalConfiguration ext:install	$GLOBALS['TYPO3_CONF_VARS'] SessionHandlerInterface	The default file-based session handling for the Install Tool remains unchanged. If no alternative session handler for the Install Tool is configured, the default behavior is used.	-	local:14.3.x	14.0/Feature-101059-AddRedisSessionHandlerInstallTool.rst
101292	Breaking	14.0	Strong-typed PropertyMappingConfigurationInterface	PHP-API NotScanned ext:extbase	PropertyMappingConfigurationInterface PropertyMappingConfiguration	Add the required native PHP types to all custom implementations of the PropertyMappingConfigurationInterface to fulfill the updated interface definition.	-	local:14.3.x	14.0/Breaking-101292-Strong-typedPropertyMappingConfigurationInterface.rst
101392	Breaking	14.0	getIdentifier() and setIdentifier() from AbstractFile removed	PHP-API NotScanned ext:core	FileInterface AbstractFile getIdentifier() setIdentifier()	Implement the two methods getIdentifier() and setIdentifier() in any custom file class extending AbstractFile.	-	local:14.3.x	14.0/Breaking-101392-GetIdentifierAndSetIdentifierFromAbstractFileRemoved.rst
103141	Breaking	14.0	Use doctrine GUID type for TCA type=uuid	Database FullyScanned ext:core		Use the database analyzer to migrate the database fields. Invalid values are not migrated and need to be manually cleaned up in affected instances.	-	local:14.3.x	14.0/Breaking-103141-UseDoctrineGUIDTypeForTCATypeuuid.rst
103258	Feature	14.0	Language filter for list module	Backend ext:backend		Backend users can now efficiently filter list module records by language, improving the workflow when managing multilingual content.	-	local:14.3.x	14.0/Feature-103258-LanguageFilterForListModule.rst
103740	Feature	14.0	Language selection for backend module "Status - Pagetree Overview"	Backend ext:info		The Content > Status backend module is now more useful for sites with multiple languages, offering a quick overview of information for the selected page and its subpages in the chosen language.	-	local:14.3.x	14.0/Feature-103740-LanguageSelectionInInfoModule.rst
103910	Breaking	14.0	Change logout handling in EXT:felogin	Frontend NotScanned ext:felogin	LogoutConfirmedEvent actionUri noredirect	The {actionUri} variable is no longer available and must be removed from custom templates. **Before:**	-	local:14.3.x	14.0/Breaking-103910-ChangeLogoutHandlingInExtfelogin.rst
103913	Breaking	14.0	Do not perform redirect in EXT:felogin logoutAction	Frontend NotScanned ext:felogin	logoutAction logoutAction() showLogoutFormAfterLogin loginAction() overviewAction()	No migration is required. The previous redirect logic in logoutAction() has been removed because it was incorrect: it ignored the showLogoutFormAfterLogin setting and could trigger an unintended redir…	-	local:14.3.x	14.0/Breaking-103913-DoNotPerformRedirectInExtfeloginLogoutAction.rst
104047	Feature	14.0	Option to report redirects in link validator	Backend TSConfig ext:linkvalidator		Integrators can now configure whether HTTP redirects of external links should be reported as problems in the Link Validator via page TSconfig.	-	local:14.3.x	14.0/Feature-104047-AllowRedirectsLinkValidator.rst
104054	Feature	14.0	Add cache flush tags command	CLI ext:core		It is now possible to flush cache entries for specific tag and group combinations directly from the command line.	-	local:14.3.x	14.0/Feature-104054-AddTagOptionToCacheFlushCommand.rst
104058	Feature	14.0	Introduce install:password:set command	Backend CLI LocalConfiguration ext:install		It is now possible to set the hashed Install Tool password using the TYPO3 command line interface.	-	local:14.3.x	14.0/Feature-104058-IntroduceInstallpasswordsetCommand.rst
104422	Breaking	14.0	Move GET parameters in sitemap into namespace	Frontend ext:seo NotScanned		If the arguments are mapped in the routing configuration, the code needs to be slightly adapted. A working example:	-	local:14.3.x	14.0/Breaking-104422-SeoParameterNamespace.rst
105377	Breaking	14.0	Deprecated functionality removed	Backend CLI Database FlexForm Fluid Frontend JavaScript LocalConfiguration PHP-API RTE TCA TSConfig TypoScript PartiallyScanned	InformationStatus SlugEnricher DuplicationBehavior Enumeration IconState GenericViewResolver HashService AbstractTemplateView StandaloneView TemplateView final ExtensionModel PageRepositoryInitHookInterface PageRepositoryGetPageHookInterface ViewResolverInterface ContentObjectGetDataHookInterface ContentObjectGetImageResourceHookInterface ContentObjectOneSourceCollectionHookInterface ContentObjectPostInitHookInterface ContentObjectStdWrapHookInterface LoginProviderInterface->modifyView() LoginProviderInterface->render() PageTitleProviderInterface->setRequest() Controller FrontendBackendUserAuthentication EnumType FluidViewAdapter FluidViewFactory AbstractDownloadExtensionUpdate LoginController->getCurrentRequest() +112-more-see-rst	Using above removed functionality will most likely raise PHP fatal level errors, may change website output or crashes browser JavaScript.	-	local:14.3.x	14.0/Breaking-105377-DeprecatedFunctionalityRemoved.rst
105549	Breaking	14.0	Improved ISO8601 Date Handling in TYPO3 DataHandler	Database PHP-API NotScanned ext:core	DataHandler DateTimeInterface	Qualified ISO8601 dates with intended timezone offsets and DateTimeInterface objects can now be passed directly to the DataHandler without requiring manual timezone adjustments.	-	local:14.3.x	14.0/Breaking-105549-ImprovedISO8601DateHandlingInTYPO3DataHandler.rst
105549	Feature	14.0	Support qualified and unqualified ISO8601 dates in DataHandler	Database PHP-API ext:core	DataHandler TH:i:s' TH:i:sP' DateTimeInterface DateTime('yesterday') DateTimeImmutable() 'Y-m-d H:i:s' 'U'	TYPO3 now provides accurate and consistent handling of ISO 8601 dates, eliminating previous issues related to timezone interpretation and `LOCALTIME` representation.	-	local:14.3.x	14.0/Feature-105549-SupportQualifiedAndUnqualifiedISO8601DatesInDataHandler.rst
105624	Feature	14.0	PSR-14 event after a backend user password has been reset	Backend PHP-API ext:backend	PasswordHasBeenResetEvent	It is now possible to add custom business logic after a backend user has reset their password using the new PSR-14 event PasswordHasBeenResetEvent.	-	local:14.3.x	14.0/Feature-105624-PSR-14EventAfterBackendUserPasswordReset.rst
105686	Breaking	14.0	Avoid obsolete $charset in sanitizeFileName()	FAL PHP-API NotScanned ext:core	DriverInterface ResourceStorage LocalDriver sanitizeFileName()	Implementing classes should drop support for the second argument.	-	local:14.3.x	14.0/Breaking-105686-AvoidObsoleteCharsetInSanitizeFileName.rst
105695	Breaking	14.0	Simplified CharsetConverter	PHP-API FullyScanned ext:core	CharsetConverter CharsetConverter->conv() CharsetConverter->utf8_encode() CharsetConverter->utf8_decode() CharsetConverter->specCharsToASCII() CharsetConverter->utf8_char_mapping() CharsetConverter->sb_char_mapping() CharsetConverter->euc_char_mapping()	Avoid calling any of the removed methods. Extensions that still require this functionality should copy the necessary logic into their own codebase or use a third-party library.	-	local:14.3.x	14.0/Breaking-105695-SimplifiedCharsetConverter.rst
105728	Breaking	14.0	Extbase backend modules not in page context rely on global TypoScript only	Backend PHP-API TypoScript NotScanned ext:extbase	CONFIGURATION_TYPE_SETTINGS, 'myextension'); id addTypoScriptSetup() $GLOBALS['TYPO3_CONF_VARS']['FE']['defaultTypoScript_setup'] addTypoScriptConstants()	Configuration of Extbase-based backend modules without a page tree must be supplied programmatically and made "global" by extending $GLOBALS['TYPO3_CONF_VARS']['FE']['defaultTypoScript_setup'] using a…	-	local:14.3.x	14.0/Breaking-105728-ExtbaseBackendModulesDoNotGuessPageIdForTypoScriptAnymore.rst
105733	Breaking	14.0	FileNameValidator no longer accepts custom regex in __construct()	PHP-API NotScanned ext:core	FileNameValidator __construct() $GLOBALS['TYPO3_CONF_VARS']['BE']['fileDenyPattern'] class, 'some-custom-pattern');	Extensions that need to be tested with custom patterns that cannot be declared globally using $GLOBALS['TYPO3_CONF_VARS']['BE']['fileDenyPattern'] should implement their own service for this purpose o…	-	local:14.3.x	14.0/Breaking-105733-FileNameValidatorNoLongerAcceptsCustomRegexIn__construct.rst
105783	Feature	14.0	Notify backend users on failed MFA verification attempts	Backend ext:backend		TYPO3 backend users now benefit from improved security awareness through immediate email notifications about failed MFA verification attempts.	-	local:14.3.x	14.0/Feature-105783-NotifyBackendUserOnFailedMFAVerificationAttempt.rst
105809	Breaking	14.0	AfterMailerInitializationEvent removed	PHP-API FullyScanned ext:core	AfterMailerInitializationEvent @internal injectMailSettings() $GLOBALS['TYPO3_CONF_VARS']['MAIL'] BeforeMailerSentMessageEvent	Check if this event can be substituted by reconfiguring $GLOBALS['TYPO3_CONF_VARS']['MAIL'], or by listening for the event BeforeMailerSentMessageEvent instead.	-	local:14.3.x	14.0/Breaking-105809-AfterMailerInitializationEventRemoved.rst
105833	Feature	14.0	Extended page tree filter functionality	Backend PHP-API ext:backend	BeforePageTreeIsFilteredEvent doktype QueryBuilder ExpressionBuilder $queryBuilder->expr() #[AsEventListener]	With the new PSR-14 event BeforePageTreeIsFilteredEvent, custom functionality and advanced evaluations can now be added to enhance the page tree filter.	-	local:14.3.x	14.0/Feature-105833-ExtendedPageTreeFilterFunctionality.rst
105855	Breaking	14.0	Remove file backwards compatibility for alt and link field	FAL TCA NotScanned ext:core		These fields can be restored using TCA overrides if necessary. First, register a new palette for the `sys_file_reference` table containing the desired set of fields.	-	local:14.3.x	14.0/Breaking-105855-RemoveFileBwCompatForAltAndLinkField.rst
105863	Breaking	14.0	Remove `exposeNonexistentUserInForgotPasswordDialog` setting in EXT:felogin	Frontend NotScanned ext:felogin	exposeNonexistentUserInForgotPasswordDialog SendRecoveryEmailEvent	The setting has been removed without replacement. It is possible to use the PSR-14 event SendRecoveryEmailEvent to implement similar functionality if absolutely necessary.	-	local:14.3.x	14.0/Breaking-105863-RemoveExposeNonexistentUserInForgotPasswordDialogSettingInExtfelogin.rst
105920	Breaking	14.0	Folder->getSubFolder() throws FolderDoesNotExistException	FAL PHP-API NotScanned ext:core	getSubFolder('mySubFolderName') Folder FolderDoesNotExistException InvalidArgumentException Folder->getSubFolder()	The change is breaking for code that takes an "optimistic" approach like: "get the subfolder object, and if this throws, create one". Example:	-	local:14.3.x	14.0/Breaking-105920-Folder-getSubFolderThrowsFolderDoesNotExistException.rst
106041	Breaking	14.0	TypoScript Extbase toggle config.tx_extbase.persistence.updateReferenceIndex removed	TypoScript NotScanned ext:extbase		The TypoScript toggle config.tx_extbase.persistence.updateReferenceIndex should be removed from any extension codebase, as it is now ignored by Extbase.	-	local:14.3.x	14.0/Breaking-106041-TypoScriptExtbaseToggleConfigtx_extbasepersistenceupdateReferenceIndexRemoved.rst
106056	Breaking	14.0	Add setRequest and getRequest to Extbase ValidatorInterface	Backend NotScanned ext:extbase	ValidatorInterface setRequest() getRequest() AbstractValidator	The methods setRequest() and getRequest() must be implemented in affected validators.	-	local:14.3.x	14.0/Breaking-106056-AddSetRequestAndGetRequestToExtbaseValidatorInterface.rst
106072	Feature	14.0	Introduce regex-based replacements for slugs	TCA ext:core	['generatorOptions']['fields']	Slug fields now support a new `regexReplacements` configuration array inside `generatorOptions`.	-	local:14.3.x	14.0/Feature-106072-IntroduceRegexBasedReplacementsForSlugs.rst
106074	Feature	14.0	Show editor information in workspace "Publish" module	Backend ext:workspaces		Workspace information now reveals the last editor of a record within the workspace context.	-	local:14.3.x	14.0/Feature-106074-ShowEditorInformationInWorkspaceOverview.rst
106092	Feature	14.0	Associative array keys for TCA valuePicker items	TCA ext:backend	items valuePicker label value select radio check icon group description	The TCA items configuration can now be defined in a more consistent and readable way using associative array keys. This eliminates ambiguity about whether the label or value comes first.	-	local:14.3.x	14.0/Feature-106092-AssociativeArrayKeysForTCAValuePickerItems.rst
106118	Breaking	14.0	Property DataHandler->storeLogMessages removed	PHP-API FullyScanned ext:core	DataHandler->storeLogMessages DataHandler DataHandler->log() $details	The property has been removed. Any code setting or reading it from DataHandler instances should be removed. The DataHandler->log() method now always writes the given $details to the sys_log table.	-	local:14.3.x	14.0/Breaking-106118-PropertyDataHandler-storeLogMessagesRemoved.rst
106232	Feature	14.0	Provide record title tag provider	Frontend ext:core	RecordTitleProvider SeoTitlePageTitleProvider	A dedicated provider is now available for extensions to set page titles without needing to implement their own custom provider.	-	local:14.3.x	14.0/Feature-106232-ProvideRecordTitleProvider.rst
106307	Breaking	14.0	Use stronger cryptographic algorithm for HMAC	Backend Database Frontend NotScanned ext:core	$GLOBALS['TYPO3_CONF_VARS']['FE']['cacheHash']['fallbackToLegacyHash'] = true; hmac() SHA3_256	**Database schema updates:** Execute the database analyzer in the Install Tool or run vendor/bin/typo3 upgrade:run.	-	local:14.3.x	14.0/Breaking-106307-UseStrongerCryptographicAlgorithmForHMAC.rst
106363	Feature	14.0	PSR-14 event for modifying URLs in redirects:checkintegrity	PHP-API ext:redirects	AfterPageUrlsForSiteForRedirectIntegrityHaveBeenCollectedEvent #[AsEventListener]	A new PSR-14 event AfterPageUrlsForSiteForRedirectIntegrityHaveBeenCollectedEvent has been introduced.	-	local:14.3.x	14.0/Feature-106363-ModifyPagesForIntegrityCheck.rst
106393	Deprecation	14.0	Various methods in BackendUtility	TCA FullyScanned ext:core	BackendUtility $GLOBALS['TCA'] getCommonSelectFields() getItemLabel() isTableLocalizable() isTableWorkspaceEnabled() isRootLevelRestrictionIgnored() isWebMountRestrictionIgnored() resolveFileReferences() TcaSchemaFactory	The migration strategy is the same for all cases: use the corresponding Schema API methods directly in your code. In most cases, you'll need to inject TcaSchemaFactory via dependency injection.	-	local:14.3.x	14.0/Deprecation-106393-VariousMethodsInBackendUtility.rst
106405	Breaking	14.0	TypolinkBuilder signature changes	PHP-API NotScanned ext:frontend	AbstractTypolinkBuilder ContentObjectRenderer TypoScriptFrontendController TypolinkBuilderInterface build(array &$linkDetails, string $linkText, string $target, array $conf) buildLink(array $linkDetails, array $configuration, ServerRequestInterface $request, string $linkText = '') build() buildLink() LinkFactory	For custom TypolinkBuilder implementations: 1. Implement TypolinkBuilderInterface 2. Use dependency injection in the constructor for required services 3.	-	local:14.3.x	14.0/Breaking-106405-TypolinkBuilderSignatureChanges.rst
106405	Deprecation	14.0	AbstractTypolinkBuilder->build	PHP-API NotScanned ext:frontend	build() AbstractTypolinkBuilder TypolinkBuilderInterface ContentObjectRenderer ServerRequestInterface $contentObjectRenderer LinkFactory buildLink()	For end users, link generation continues to work as before using either: * ContentObjectRenderer, method `typolink()` * LinkFactory These public APIs are not affected and do not trigger deprecations.	-	local:14.3.x	14.0/Deprecation-106405-AbstractTypolinkBuilder-build.rst
106405	Feature	14.0	TypolinkBuilderInterface	PHP-API ext:frontend	TypolinkBuilderInterface buildLink() build() AbstractTypolinkBuilder ServerRequestInterface $GLOBALS['TYPO3_CONF_VARS']	* All implementations of TypolinkBuilderInterface are automatically configured as public services in the dependency injection container, removing the need for manual service configuration.	-	local:14.3.x	14.0/Feature-106405-TypolinkBuilderInterface.rst
106412	Breaking	14.0	TCA interface settings for list view removed	TCA NotScanned ext:backend	['interface'] $GLOBALS['TCA'][$table]['interface']['maxSingleDBListItems'] $GLOBALS['TCA'][$table]['interface']['maxDBListItems'] $GLOBALS['TCA'][$table]['interface']	Visual display settings can still be overridden on a per-user or per-page basis via TSconfig.	-	local:14.3.x	14.0/Breaking-106412-TCAInterfaceSettingsForListViewRemoved.rst
106415	Feature	14.0	Add stdWrap to config.htmlTag.attributes.[attr]	TypoScript ext:frontend		It is now possible to use userFunc, override, or getData within TypoScript:	-	local:14.3.x	14.0/Feature-106415-AddStdWrapToConfightmlTagattributesattr.rst
106427	Breaking	14.0	File Abstraction Layer related changes	FAL PHP-API NotScanned ext:core	AbstractFile File AbstractFile->rename() AbstractFile->copyTo() AbstractFile->moveTo() FileInterface rename() FolderInterface Folder getSubFolder() getReadablePath() getFiles() searchFiles()	Ensure that all FAL-related code passes and expects the correct PHP types when using or extending the API.	-	local:14.3.x	14.0/Breaking-106427-FileAbstractionLayerRelatedChanges.rst
106477	Feature	14.0	Allow YAML imports and placeholder processing when creating new forms	Backend ext:form	FormManagerController YamlFileLoader	Form templates can now contain environment variable placeholders using the %env(ENV_NAME)% syntax and import other YAML files.	-	local:14.3.x	14.0/Feature-106477-AllowYamlImportsAndPlaceholderProcessingWhenCreatingNewForms.rst
106503	Breaking	14.0	Removal of fields from sys_file_metadata	TCA NotScanned ext:filemetadata		No automatic migration is available. If the fields are still required for custom logic, reintroduce their database columns and TCA configuration within a custom extension.	-	local:14.3.x	14.0/Breaking-106503-RemovalOfFieldFromSys_file_metadata.rst
106510	Feature	14.0	Add PSR-14 events to Extbase Backend::getObjectCountByQuery method	PHP-API ext:extbase	Backend getObjectDataByQuery() QueryResult getObjectCountByQuery() ModifyQueryBeforeFetchingObjectCountEvent ModifyResultAfterFetchingObjectCountEvent ModifyQueryBeforeFetchingObjectDataEvent ModifyResultAfterFetchingObjectDataEvent	The class Backend is the central entity for retrieving data from the database within the Extbase persistence framework.	-	local:14.3.x	14.0/Feature-106510-AddedPSR-14EventsToExtbaseBackendgetObjectCountByQueryMethod.rst
106527	Deprecation	14.0	`markFieldAsChanged()` moved to FormEngine main module	Backend JavaScript NotScanned ext:backend		If not already done, import the main FormEngine module and call markFieldAsChanged() from there. Example:	-	local:14.3.x	14.0/Deprecation-106527-MarkFieldAsChangedMovedToFormEngineMainModule.rst
106596	Breaking	14.0	Remove legacy form templates	Frontend YAML NotScanned ext:form		If you still rely on the legacy templates, you must migrate your templates and partials to the structure of the newer templates.	-	local:14.3.x	14.0/Breaking-106596-RemoveLegacyFormTemplates.rst
106618	Deprecation	14.0	GeneralUtility::resolveBackPath	Backend Frontend JavaScript TypoScript FullyScanned ext:core	resolveBackPath	References to resources should now use the `EXT:` prefix or be written relative to the public web path of the TYPO3 installation.	-	local:14.3.x	14.0/Deprecation-106618-GeneralUtilityresolveBackPath.rst
106637	Feature	14.0	Implement accessible combobox pattern	Backend ext:backend	EmailElement InputTextElement NumberElement	The new combobox component offers full keyboard navigation using the arrow keys, Enter, Tab, and Escape.	-	local:14.3.x	14.0/Feature-106637-ImplementAccessibleComboboxPattern.rst
106686	Feature	14.0	Enhance file browsers with column selector	Backend ext:filelist		The file selector and link browser interfaces now include a column selector.	-	local:14.3.x	14.0/Feature-106686-EnhanceFileBrowsersWithColumnsSelector.rst
106739	Feature	14.0	Scheduler tasks as native TCA table	TCA ext:scheduler		With this change, TCA is now defined for the tx_scheduler_task table in TYPO3.	-	local:14.3.x	14.0/Feature-106739-SchedulerTasksAsNativeTCATable.rst
106752	Feature	14.0	Add password hashing option to SaveToDatabase finisher	ext:form	SaveToDatabaseFinisher	Integrators can now ensure secure password storage when saving form data with the SaveToDatabaseFinisher, without implementing custom logic.	-	local:14.3.x	14.0/Feature-106752-AddPasswordHashingOptionToSaveToDatabaseFinisher.rst
106821	Deprecation	14.0	Workspace aware inline child tables are enforced	TCA NotScanned ext:core	foreign_table	An automatic TCA migration scans TCA configurations for this scenario and adds `versioningWS = true` to affected child tables.	-	local:14.3.x	14.0/Deprecation-106821-WorkspaceAwareInlineChildTablesAreEnforced.rst
106839	Feature	14.0	Introduce shell auto-completion for the `typo3` command	CLI ext:core		The typo3 CLI dispatcher now supports shell auto-completion, improving the user experience without affecting existing command usage.	-	local:14.3.x	14.0/Feature-106839-IntroduceShellAuto-completionForTheTypo3Script.rst
106863	Breaking	14.0	TCA control option is_static removed	TCA FullyScanned ext:core	$GLOBALS['TCA'][$table]['ctrl']['is_static']	Remove the `is_static` option from the `ctrl` section of your TCA configuration.	-	local:14.3.x	14.0/Breaking-106863-TCAControlOptionIs_staticRemoved.rst
106869	Breaking	14.0	Remove static function parameter in AuthenticationService	Backend NotScanned ext:core	processLoginData() $passwordTransmissionStrategy AuthenticationService processLoginDataBE() processLoginDataFE() bool|int	Extensions extending AuthenticationService must remove the $passwordTransmissionStrategy parameter from their method signature and add the strict return type bool|int.	-	local:14.3.x	14.0/Breaking-106869-RemoveStaticFunctionParameterInAuthenticationService.rst
106934	Feature	14.0	Add recently used records to record wizards	Backend ext:backend		All record wizards now feature a *"Recently used"* section. This feature is enabled by default and requires no additional configuration.	-	local:14.3.x	14.0/Feature-106934-AddRecentlyUsedRecordsToRecordWizards.rst
106945	Feature	14.0	Allow usage of Symfony validators in Extbase	Frontend ext:extbase	ConstraintDecoratingValidator ValidatorInterface sprintf #[NotBlank] #[Regex] #[File] #[Image]	A wide range of Symfony validators can now be used directly in Extbase.	-	local:14.3.x	14.0/Feature-106945-AllowUsageOfSymfonyValidatorsInExtbase.rst
106947	Deprecation	14.0	Move upgrade wizard related interfaces and attribute to `EXT:core`	PHP-API FullyScanned ext:install	#[UpgradeWizard(...)] UpgradeWizard ChattyInterface ConfirmableInterface PrerequisiteInterface RepeatableInterface UpgradeWizardInterface Confirmation DatabaseUpdatedPrerequisite ReferenceIndexUpdatedPrerequisite AbstractListTypeToCTypeUpdate PrerequisiteCollection	Upgrade custom upgrade wizards to use the new attribute, interfaces and/or classes from the `EXT:core` namespace, instead of `EXT:install`:	-	local:14.3.x	14.0/Deprecation-106947-MoveUpgradeWizardRelatedInterfacesAndAttributeToEXTcore.rst
106949	Breaking	14.0	Duplicate doktype restriction configuration removed	TSConfig NotScanned ext:backend		Remove any usage of mod.web_list.noViewWithDokTypes from Page TSconfig. Use the existing configuration TCEMAIN.preview.disableButtonForDokType instead:	-	local:14.3.x	14.0/Breaking-106949-DuplicateDoktypeRestrictionConfigurationRemoved.rst
106964	Breaking	14.0	Enable "Light/Dark Mode" context awareness for CKEditor RTE by default	Backend NotScanned		Installations with custom CKEditor modifications should review their contents.css file.	-	local:14.3.x	14.0/Breaking-106964-MakeCkeditorContextAwareByDefault.rst
106969	Deprecation	14.0	Deprecate User TSConfig auth.BE.redirectToURL	Backend NotScanned ext:backend		If a redirect after a successful backend login is required, create a custom PSR-15 middleware to handle the redirection.	-	local:14.3.x	14.0/Deprecation-106969-DeprecateUserTSConfigAuthBEredirectToURL.rst
106972	Breaking	14.0	TCA control option searchFields removed	TCA FullyScanned ext:core	$GLOBALS['TCA'][$table]['ctrl']['searchFields'] SearchableSchemaFieldsCollector searchable searchFields searchable => false	Remove the `searchFields` option from the `ctrl` section of your TCA configuration.	-	local:14.3.x	14.0/Breaking-106972-TCAControlOptionSearchFieldsRemoved.rst
106972	Feature	14.0	Configure searchable fields	TCA ext:core	searchFields searchable searchable => false color datetime dbType email flex input json link slug text uuid file inline password group ctrl 'searchable' => false	If your extension previously relied on the searchFields TCA option, remove it from the ctrl section and instead define 'searchable' => false on fields that should be excluded from search results.	-	local:14.3.x	14.0/Feature-106972-ConfigureSearchableFields.rst
106976	Breaking	14.0	Removal of TCA search field configuration options	TCA FullyScanned ext:core	search.case search.pidonly search.andWhere search	Remove the obsolete search options from your TCA field configurations.	-	local:14.3.x	14.0/Breaking-106976-RemovalOfTCASearchFieldConfigurationOptions.rst
106992	Feature	14.0	Remember last opened category in record wizards	Backend JavaScript ext:backend		Record wizards now automatically preselect the last used category when opened again. No migration or configuration is required. The feature is enabled by default.	-	local:14.3.x	14.0/Feature-106992-RememberLastOpenedCategoryInRecordWizards.rst
107036	Feature	14.0	Configurable dashboard widgets	Backend ext:dashboard	WidgetInterface WidgetRendererInterface Settings	**For editors** * Dashboard widgets now display a settings (cog) icon when configuration is supported. * Clicking the icon opens a modal dialog with configurable options.	-	local:14.3.x	14.0/Feature-107036-ConfigurableDashboardWidgets.rst
107047	Breaking	14.0	Remove pointer field functionality of TCA flex	Backend FlexForm TCA PartiallyScanned ext:core	configurePlugin() addTcaSelectItemGroup() AfterFlexFormDataStructureIdentifierInitializedEvent AfterFlexFormDataStructureParsedEvent BeforeFlexFormDataStructureIdentifierInitializedEvent BeforeFlexFormDataStructureParsedEvent FlexFormTools array|TcaSchema $schema getDataStructureIdentifier() parseDataStructureByIdentifier() cleanFlexFormXML() $GLOBALS['TCA'] TcaSchema InvalidTcaSchemaException RelationMapBuilder InvalidCombinedPointerFieldException ds_pointerField	**FlexForm Pointer Field Migration** **Before:**	-	local:14.3.x	14.0/Breaking-107047-RemovePointerFieldFunctionalityOfTCAFlex.rst
107047	Deprecation	14.0	ExtensionManagementUtility::addPiFlexFormValue()	Backend FlexForm TCA FullyScanned ext:core	addPiFlexFormValue() registerPlugin() addPlugin() columnsOverrides	Instead of using this method, define the FlexForm configuration using one of the following approaches:	-	local:14.3.x	14.0/Deprecation-107047-ExtensionManagementUtilityAddPiFlexFormValue.rst
107047	Feature	14.0	FlexForm enhancements: Direct plugin registration and raw TCA support	Backend FlexForm TCA ext:core	addPlugin() registerPlugin() $flexForm columnsOverrides FlexFormTools $GLOBALS['TCA'] $schema TcaSchema getDataStructureIdentifier() parseDataStructureByIdentifier() cleanFlexFormXML() RelationMapBuilder addPiFlexFormValue() array|TcaSchema	**Direct FlexForm plugin registration** This enhancement simplifies plugin configuration and FlexForm integration, as FlexForms can now be registered directly with the plugin.	-	local:14.3.x	14.0/Feature-107047-FlexFormEnhancements.rst
107056	Feature	14.0	Introduce headerData and footerData ViewHelpers	Fluid ext:fluid	<head> </body> <f:page.headerData> <f:page.footerData> PageRenderer <f:asset.css> <f:asset.script> dns-prefetch preconnect <link> <script>	Extension authors and integrators can now use the new ViewHelpers to add raw HTML content, such as <link> or <script> tags, directly into the rendered page output.	-	local:14.3.x	14.0/Feature-107056-IntroduceHeaderDataAndFooterDataViewHelpers.rst
107057	Deprecation	14.0	Deprecate auto-render assets sections	Frontend NotScanned ext:frontend	f:asset.script f:asset.css	It is recommended to use the f:asset.script or f:asset.css ViewHelpers from the TYPO3 Asset Collector API to render required assets.	-	local:14.3.x	14.0/Deprecation-107057-DeprecateAuto-renderAssetsSections.rst
107081	Feature	14.0	Add options to predefine link target and class in link browser	Backend TSConfig ext:backend		This feature improves editor workflows by providing meaningful default values for link attributes while preserving full flexibility for customization.	-	local:14.3.x	14.0/Feature-107081-AddOptionsToPredefineLinkTargetAndClassInLinkBrowser.rst
107104	Feature	14.0	Introduce UrlFactory JavaScript module	JavaScript ext:core		URL and URLSearchParams objects can now be created by the factory's createUrl() and createSearchParams() methods. The method createUrl() creates a full URL object and automatically sets its base.	-	local:14.3.x	14.0/Feature-107104-IntroduceUrlFactoryJavaScriptModule.rst
107105	Feature	14.0	Introduce expression for accessing site locale	TypoScript ext:core ext:form		Developers can now compare or evaluate the site locale directly in expressions, without using siteLanguage("locale").	-	local:14.3.x	14.0/Feature-107105-IntroduceExpressionForAccessingSiteLocale.rst
107151	Feature	14.0	Add AsNonSchedulableCommand attribute for CLI commands	Backend PHP-API ext:core	AsNonSchedulableCommand #[AsNonSchedulableCommand] #[AsCommand]	Developers can now fully embrace using the Symfony #[AsCommand] attribute and still be able to declare a non-schedulable execution within the scope of the same class, without any service registration.…	-	local:14.3.x	14.0/Feature-107151-AddAsNonSchedulableCommandAttribute.rst
107180	Feature	14.0	PSR-14 events for Backend Users module	Backend ext:beuser	$demand Demand $query QueryInterface $constraints BackendUserGroup $request $backendGroups $filemounts	These events can be used to implement custom user or permission management processes in the Backend Users module. Be aware that this area is security sensitive.	-	local:14.3.x	14.0/Feature-107180-IntroducePSR14EventsForBeuserModule.rst
107201	Feature	14.0	Extended RSS Widget with Atom Support	Backend Dashboard Atom RSS ext:dashboard		* The existing "RSS Widget" now supports both RSS and Atom feeds automatically. * Atom feeds (commonly used by GitHub, GitLab, and other platforms) can now be displayed using the same RSS widget.	-	local:14.3.x	14.0/Feature-107201-AtomFeedWidgetForDashboard.rst
107225	Deprecation	14.0	Boolean sort direction in FileList->start()	Backend FileList PartiallyScanned ext:filelist	start() $sortRev $sortDirection SortDirection FileList true DESCENDING false ASCENDING	Replace boolean values with the corresponding SortDirection enum values:	-	local:14.3.x	14.0/Deprecation-107225-BooleanSortDirectionInFileListStart.rst
107229	Breaking	14.0	Removed support for annotations in Extbase	PHP-API FullyScanned ext:extbase	Validate] @var @return @var ObjectStorage<FileReference> Cascade Lazy Validate Annotation Attribute	Switch from Extbase annotations to native PHP attributes.	-	local:14.3.x	14.0/Breaking-107229-RemovedSupportOfAnnotationsInExtbase.rst
107229	Deprecation	14.0	Deprecate :php:`Annotation` namespace of Extbase attributes	PHP-API FullyScanned ext:extbase	Annotation Attribute	Aside from migrating PHP annotations to PHP attributes, existing usages of the class namespace Annotation should be updated to Attribute:	-	local:14.3.x	14.0/Deprecation-107229-DeprecatePhpAnnotationNamespaceOfExtbaseAttributes.rst
107240	Feature	14.0	Add warning when pasting password with whitespace	Backend JavaScript UX ext:backend		Users now receive immediate feedback when pasting passwords that contain surrounding whitespace, reducing login failures and improving the overall user experience when authenticating to the TYPO3 back…	-	local:14.3.x	14.0/Feature-107240-AddWarningWhenPastingPasswordWithWhitespace.rst
107256	Feature	14.0	PSR-14 event to modify options in EmailFinisher	PHP-API ext:form	BeforeEmailFinisherInitializedEvent EmailFinisher getFinisherContext() FinisherContext getOptions() setOptions()	It is now possible to dynamically modify EmailFinisher options before email processing begins, using the new PSR-14 event BeforeEmailFinisherInitializedEvent.	-	local:14.3.x	14.0/Feature-107256-PSR-14EventToModifyOptionsInEmailFinisher.rst
107281	Feature	14.0	Type-specific TCAdefaults support	PHP-API ext:core	DatabaseRowInitializeNew DataHandler defVals 'CType' => 'textmedia' 'default'	This feature provides a more flexible and consistent way to configure default values for different record types, reducing repetitive configuration and improving the user experience when creating new r…	-	local:14.3.x	14.0/Feature-107281-TypeSpecificTCAdefaults.rst
107287	Deprecation	14.0	FileCollectionRegistry->addTypeToTCA() method	TCA FullyScanned ext:core	FileCollectionRegistry->addTypeToTCA() $GLOBALS['TCA']	Instead of using this method, configure file collection types directly in your TCA configuration files.	-	local:14.3.x	14.0/Deprecation-107287-FileCollectionRegistryAddTypeToTCA.rst
107310	Breaking	14.0	Remove FreezableBackendInterface	PHP-API FullyScanned	FreezableBackendInterface freeze() isFrozen()	Remove any references to FreezableBackendInterface from your extension code. If you require freeze functionality, implement the desired behavior directly in your custom cache backend class.	-	local:14.3.x	14.0/Breaking-107310-RemoveFreezableBackendInterface.rst
107315	Breaking	14.0	Cache Backend and Frontend related changes	PHP-API NotScanned ext:core	mixed BackendInterface PhpCapableBackendInterface TransientBackendInterface FrontendInterface AbstractBackend string     $entryIdentifier bool void __construct()	Update your custom cache backend and frontend implementations to use the correct PHP types: 1. Ensure all method signatures match the interface declarations exactly 2.	-	local:14.3.x	14.0/Breaking-107315-CacheBackendAndFrontendRelatedChanges.rst
107322	Feature	14.0	New PSR-14 AfterRichtextConfigurationPreparedEvent	PHP-API TCA ext:core	AfterRichtextConfigurationPreparedEvent setConfiguration() getConfiguration()	It is now possible to modify the rich-text configuration after it has been fetched and prepared.	-	local:14.3.x	14.0/Feature-107322-NewPSR-14AfterRichtextConfigurationPreparedEvent.rst
107323	Breaking	14.0	Workspace "Freeze Editing" removed	Backend NotScanned ext:workspaces		A more robust alternative to *Freeze Editing* is to configure a **custom workspace stage** and assign **responsible persons**.	-	local:14.3.x	14.0/Breaking-107323-WorkspaceFreezeEditingRemoved.rst
107324	Breaking	14.0	Streamline PSR-7 Response Header Handling	Frontend PHP-API ext:core ext:extbase ext:frontend NotScanned		If your use case requires *merged* header values, you must now implement this explicitly:	-	local:14.3.x	14.0/Breaking-107324-StreamlinePSR7ResponseHeaderHandling.rst
107343	Breaking	14.0	Removed "beforeFormCreate" hook	Backend ext:form FullyScanned	$GLOBALS['TYPO3_CONF_VARS']['SC_OPTIONS']['ext/form']['beforeFormCreate'] BeforeFormIsCreatedEvent	The hook has been removed without prior deprecation. This allows extensions to remain compatible with both TYPO3 v13 (using the hook) and v14+ (using the new event) simultaneously.	-	local:14.3.x	14.0/Breaking-107343-RemovedBeforeFormCreateHook.rst
107343	Feature	14.0	PSR-14 to manipulate form creation process	Backend ext:form	BeforeFormIsCreatedEvent $GLOBALS['TYPO3_CONF_VARS']['SC_OPTIONS']['ext/form']['beforeFormCreate'] $form $formPersistenceIdentifier	With the new BeforeFormIsCreatedEvent, it is now possible to modify a form before it is created.	-	local:14.3.x	14.0/Feature-107343-IntroducePSR14BeforeFormIsCreatedEvent.rst
107356	Breaking	14.0	Use Record API in List Module	Backend PHP-API FullyScanned ext:backend	RecordInterface DatabaseRecordList renderListRow() makeControl() makeCheckbox() languageFlag() makeLocalizationPanel() linkWrapItems() getPreviewUriBuilder() isRecordDeletePlaceholder() isRowListingConditionFulfilled() $table	When calling affected methods, use the Record API to create a Record object from a database row: **Before:**	-	local:14.3.x	14.0/Breaking-107356-UseRecordAPIInListModule.rst
107358	Feature	14.0	Introduce Fluid page title ViewHelper	Frontend ext:fluid		Extension developers can now easily set page titles from their Fluid templates without creating custom page title providers for each extension.	-	local:14.3.x	14.0/Feature-107358-IntroduceFluidPageTitleViewHelper.rst
107359	Feature	14.0	Introduce Fluid page meta ViewHelper	Frontend ext:fluid		Extension developers can now easily set meta tags from Fluid templates without needing to use the MetaTagManager API directly in PHP code.	-	local:14.3.x	14.0/Feature-107359-IntroduceFluidPageMetaViewHelper.rst
107380	Breaking	14.0	Removed "beforeFormDuplicate" hook	Backend ext:form FullyScanned	$GLOBALS['TYPO3_CONF_VARS']['SC_OPTIONS']['ext/form']['beforeFormDuplicate'] BeforeFormIsDuplicatedEvent	The hook has been removed without deprecation to allow extensions to remain compatible with both TYPO3 v13 (using the hook) and TYPO3 v14+ (using the new event).	-	local:14.3.x	14.0/Breaking-107380-RemovedBeforeFormDuplicateHook.rst
107380	Feature	14.0	PSR-14 to manipulate form duplication process	Backend ext:form	BeforeFormIsDuplicatedEvent $GLOBALS['TYPO3_CONF_VARS']['SC_OPTIONS']['ext/form']['beforeFormDuplicate'] $form $formPersistenceIdentifier	With the new BeforeFormIsDuplicatedEvent, it is now possible to modify a form before it is duplicated.	-	local:14.3.x	14.0/Feature-107380-IntroducePSR14BeforeFormIsDuplicatedEvent.rst
107382	Breaking	14.0	Removed "beforeFormDelete" hook	Backend ext:form FullyScanned	$GLOBALS['TYPO3_CONF_VARS']['SC_OPTIONS']['ext/form']['beforeFormDelete'] BeforeFormIsDeletedEvent	The hook has been removed without deprecation to allow extensions to remain compatible with both TYPO3 v13 (using the hook) and TYPO3 v14+ (using the new event).	-	local:14.3.x	14.0/Breaking-107382-RemovedBeforeFormDeleteHook.rst
107382	Feature	14.0	PSR-14 before form deletion	Backend ext:form	BeforeFormIsDeletedEvent $GLOBALS['TYPO3_CONF_VARS']['SC_OPTIONS']['ext/form']['beforeFormDelete'] $formPersistenceIdentifier $preventDeletion true	With the new BeforeFormIsDeletedEvent, it is now possible to prevent the deletion of a form and to add custom logic based on the delete action.	-	local:14.3.x	14.0/Feature-107382-IntroducePSR14BeforeFormIsDeletedEvent.rst
107388	Breaking	14.0	Removed "beforeFormSave" hook	Backend ext:form FullyScanned	$GLOBALS['TYPO3_CONF_VARS']['SC_OPTIONS']['ext/form']['beforeFormSave'] BeforeFormIsSavedEvent	The hook has been removed without deprecation to allow extensions to remain compatible with both TYPO3 v13 (using the hook) and TYPO3 v14+ (using the new event).	-	local:14.3.x	14.0/Breaking-107388-RemovedBeforeFormSaveHook.rst
107388	Feature	14.0	PSR-14 to manipulate form before it is saved	Backend ext:form	BeforeFormIsSavedEvent $GLOBALS['TYPO3_CONF_VARS']['SC_OPTIONS']['ext/form']['beforeFormSave'] $form $formPersistenceIdentifier	With the new BeforeFormIsSavedEvent, it is now possible to modify a form definition as well as the form persistence identifier before it is saved.	-	local:14.3.x	14.0/Feature-107388-IntroducePSR14BeforeFormIsSavedEvent.rst
107397	Breaking	14.0	Circular dependency between ProcessedFile and Task removed	PHP-API PartiallyScanned	ProcessedFile getTask() generateProcessedFileNameWithoutExtension() ProcessedFileRepository add() TaskInterface update() AbstractTask ProcessedFile->getTask() ProcessedFile->generateProcessedFileNameWithoutExtension() ProcessedFileRepository->add() ProcessedFileRepository->update() FileProcessingService TaskTypeRegistry	Replace calls to ProcessedFile->getTask() with direct creation of Task objects through the TaskTypeRegistry: **Before:**	-	local:14.3.x	14.0/Breaking-107397-CircularDependencyBetweenProcessedFileAndTaskRemoved.rst
107403	Breaking	14.0	Remove LocalPreviewHelper + LocalCropScaleMaskHelper	PHP-API FullyScanned	LocalPreviewHelper LocalCropScaleMaskHelper LocalImageProcessor	Remove all references to LocalPreviewHelper or LocalCropScaleMaskHelper from your code.	-	local:14.3.x	14.0/Breaking-107403-RemoveLocalPreviewHelperAndLocalCropScaleMaskHelper.rst
107413	Deprecation	14.0	PathUtility getRelativePath(to) methods	PHP-API FullyScanned ext:core	PathUtility getRelativePath() getRelativePathTo() getFileAbsFileName() getPublicResourceWebPath()	Instead of calculating relative paths manually, use absolute paths or the appropriate TYPO3 APIs for path handling: * Use getFileAbsFileName() for extension resources * Use the `EXT:` prefix when refe…	-	local:14.3.x	14.0/Deprecation-107413-PathUtilityGetRelativePathMethods.rst
107435	Feature	14.0	File replace modal with enhanced file information	Backend UX ext:core ext:filelist		This enhancement significantly improves the file management experience in TYPO3 by providing a more modern, context-aware interface for file replacement.	-	local:14.3.x	14.0/Feature-107435-FileReplaceModalWithEnhancedInformation.rst
107436	Breaking	14.0	Localization system architecture changes	PHP-API LocalConfiguration NotScanned	getParsedData() getParsedData($fileReference, 'en') $GLOBALS['TYPO3_CONF_VARS']['SYS']['lang']['parser'] $GLOBALS['TYPO3_CONF_VARS']['SYS']['lang']['requireApprovedLocalizations'] $GLOBALS['TYPO3_CONF_VARS']['LANG']['requireApprovedLocalizations'] $GLOBALS['TYPO3_CONF_VARS']['SYS']['lang']['format'] $GLOBALS['TYPO3_CONF_VARS']['LANG']['format'] $GLOBALS['TYPO3_CONF_VARS']['EXTCONF']['lang']['availableLanguages'] $GLOBALS['TYPO3_CONF_VARS']['LANG']['availableLocales'] $GLOBALS['TYPO3_CONF_VARS']['SYS']['locallangXMLOverride'] $GLOBALS['TYPO3_CONF_VARS']['LANG']['resourceOverrides']	**Method Call Updates** Update all calls to getParsedData() to use the new signature and ensure parameter types are correct: **Before:**	-	local:14.3.x	14.0/Breaking-107436-LocalizationSystemChanges.rst
107436	Deprecation	14.0	Localization Parsers	PHP-API FullyScanned ext:core	AbstractXmlParser LocalizationParserInterface XliffParser $GLOBALS['TYPO3_CONF_VARS']['SYS']['lang']['parser'] $GLOBALS['TYPO3_CONF_VARS']['LANG']['loader'] XliffLoader	Replace usage of the deprecated parser classes with Symfony Translation loaders. Use the new XliffLoader class for XLIFF file processing.	-	local:14.3.x	14.0/Deprecation-107436-LocalizationParsers.rst
107436	Feature	14.0	Symfony Translation Component integration	PHP-API Backend ext:core	$GLOBALS['TYPO3_CONF_VARS']['LANG'] $GLOBALS['TYPO3_CONF_VARS']['LANG']['loader'] $GLOBALS['TYPO3_CONF_VARS']['LANG']['requireApprovedLocalizations'] $GLOBALS['TYPO3_CONF_VARS']['LANG']['format'] $GLOBALS['TYPO3_CONF_VARS']['LANG']['availableLocales'] $GLOBALS['TYPO3_CONF_VARS']['LANG']['resourceOverrides']	All previous configuration options have been moved to the new $GLOBALS['TYPO3_CONF_VARS']['LANG'] namespace. These are automatically migrated to the new location when accessing the install tool.	-	local:14.3.x	14.0/Feature-107436-SymfonyTranslationIntegration.rst
107438	Breaking	14.0	Default parseFunc configuration for Fluid Styled Content	TypoScript ext:fluid_styled_content ext:frontend NotScanned		If you need to allow specific HTML tags, explicitly configure allowTags instead of extending a former default. **Before (no longer works):**	-	local:14.3.x	14.0/Breaking-107438-DefaultParseFuncConfigurationForFluidStyledContentRemoved.rst
107441	Feature	14.0	Allow more hashing algorithms in FAL	FAL PHP-API ext:core	LocalDriver LocalDriver->hash() HashContext	FAL's LocalDriver can now make use of different hashing algorithms, e.g. `crc32`, `sha256` and many more.	-	local:14.3.x	14.0/Feature-107441-AllowMoreHashingAlgorithmsInFAL.rst
107443	Breaking	14.0	Migrate Modal component from Bootstrap to native dialog	Backend JavaScript NotScanned ext:backend		Bootstrap modal events (*.bs.modal) are no longer available. Extensions listening to these events must migrate to TYPO3's custom modal events.	-	local:14.3.x	14.0/Breaking-107443-MigrateModalComponentFromBootstrapToNativeDialog.rst
107471	Feature	14.0	New scheduler task wizard	Backend PHP-API UX ext:scheduler	iconOverlay ModifyNewSchedulerTaskWizardItemsEvent getWizardItems() setWizardItems() addWizardItem() removeWizardItem() getRequest()	* The scheduler task creation workflow is significantly improved with better UX * The risk of creating broken task records due to task type changes is eliminated * Extensions can easily modify the wiz…	-	local:14.3.x	14.0/Feature-107471-NewSchedulerTaskWizard.rst
107473	Breaking	14.0	TypoScript condition function getTSFE() removed	TypoScript NotScanned ext:frontend		Replace getTSFE() with an equivalent condition. For example: **Before:**	-	local:14.3.x	14.0/Breaking-107473-TypoScriptConditionFunctionGetTSFERemoved.rst
107482	Breaking	14.0	Environment::getComposerRootPath method removed	PHP-API FullyScanned ext:core	Environment getComposerRootPath() getProjectPath()	Instead of calculating relative paths manually, use absolute paths or the appropriate TYPO3 APIs for path handling. Use the following replacement: * getProjectPath()	-	local:14.3.x	14.0/Breaking-107482-EnvironmentGetComposerRootPathMethodsRemoved.rst
107488	Breaking	14.0	Scheduler frequency options moved to TCA	Backend TCA NotScanned ext:scheduler	$GLOBALS['TYPO3_CONF_VARS']['SC_OPTIONS']['scheduler']['frequencyOptions'] overrideFieldTca tx_scheduler_task.execution_details frequencyOptions	Extensions should migrate their frequency options from the global configuration to TCA overrides. **Before (no longer working):**	-	local:14.3.x	14.0/Breaking-107488-SchedulerFrequencyOptionsMovedToTCA.rst
107488	Feature	14.0	Extensible scheduler task timing options	Backend TCA ext:scheduler	execution_details overrideFieldTca $GLOBALS['TYPO3_CONF_VARS']['SC_OPTIONS']['scheduler']['frequencyOptions'] frequency runningType multiple start end	This enhancement provides a more flexible and extensible way to configure scheduler task timing options, allowing extensions to seamlessly integrate custom timing configurations while maintaining cons…	-	local:14.3.x	14.0/Feature-107488-ExtensibleSchedulerTaskTimingOptions.rst
107507	Breaking	14.0	Removed EXT:form AbstractFinisher->getTypoScriptFrontendController()	PHP-API FullyScanned ext:form	AbstractFinisher->getTypoScriptFrontendController() TypoScriptFrontendController cObj	Migration depends on what the finisher previously did with the returned class instance.	-	local:14.3.x	14.0/Breaking-107507-RemovedExtformAbstractFinisher-getTypoScriptFrontendController.rst
107518	Breaking	14.0	Removed "initializeFormElement" hook	Backend ext:form FullyScanned	$GLOBALS['TYPO3_CONF_VARS']['SC_OPTIONS']['ext/form']['initializeFormElement'] BeforeRenderableIsAddedToFormEvent	The hook was removed without a deprecation phase to allow extensions to work with both TYPO3 v13 (using the hook) and TYPO3 v14+ (using the new event) simultaneously.	-	local:14.3.x	14.0/Breaking-107518-RemovedInitializeFormElementHook.rst
107518	Feature	14.0	PSR-14 event to modify form elements after being added	Backend ext:form	BeforeRenderableIsAddedToFormEvent $GLOBALS['TYPO3_CONF_VARS']['SC_OPTIONS']['ext/form']['initializeFormElement'] $renderable	With the new BeforeRenderableIsAddedToFormEvent, it is now possible to modify a renderable after it has been initialized and right before being added to its form.	-	local:14.3.x	14.0/Feature-107518-IntroducePSR14BeforeRenderableIsAddedToFormEvent.rst
107519	Feature	14.0	Add "discard" command to DataHandler	PHP-API ext:core	DataHandler $commandArray	The `"discard"` command offers a more intuitive API for workspace operations: * Instead of using complex version commands with actions such as `"clearWSID"` or `"flush"`, you can now use the straightf…	-	local:14.3.x	14.0/Feature-107519-AddDiscardCommandToDataHandler.rst
107526	Feature	14.0	Custom TCA types for scheduler tasks	TCA PHP-API ext:scheduler	getTaskParameters() setTaskParameters() AbstractTask execute() getAdditionalInformation() addRecordType()	Existing task types using custom TCA types automatically migrate existing data through the getTaskParameters() and setTaskParameters() methods: * During migration, getTaskParameters() is called to ext…	-	local:14.3.x	14.0/Feature-107526-CustomTCATypesForSchedulerTasks.rst
107528	Breaking	14.0	Removed "beforeRemoveFromParentRenderable" hook	Backend ext:form FullyScanned	$GLOBALS['TYPO3_CONF_VARS']['SC_OPTIONS']['ext/form']['beforeRemoveFromParentRenderable'] BeforeRenderableIsRemovedFromFormEvent beforeRemoveFromParentRenderable	The hook was removed without a deprecation phase to allow extensions to work with both TYPO3 v13 (using the hook) and TYPO3 v14+ (using the new event) simultaneously.	-	local:14.3.x	14.0/Breaking-107528-RemovedBeforeRemoveFromParentRenderableHook.rst
107528	Feature	14.0	PSR-14 event before renderable is removed from form	Backend ext:form	BeforeRenderableIsRemovedFromFormEvent $GLOBALS['TYPO3_CONF_VARS']['SC_OPTIONS']['ext/form']['beforeRemoveFromParentRenderable'] $renderable $preventRemoval true	With the new BeforeRenderableIsRemovedFromFormEvent, it is now possible to prevent the deletion of a renderable and to add custom logic based on the deletion.	-	local:14.3.x	14.0/Feature-107528-IntroducePSR14BeforeRenderableIsRemovedFromFormEvent.rst
107537	Breaking	14.0	Changes in URL generation of system resources	Frontend NotScanned ext:frontend	$GLOBALS['TYPO3_CONF_VARS']['BE']['fileadminDir']	The following changes are considered breaking, although their impact is expected to be very low.	-	local:14.3.x	14.0/Breaking-107537-UrlGenerationSystemResources.rst
107537	Deprecation	14.0	GeneralUtility::createVersionNumberedFilename	PHP-API FullyScanned ext:core	createVersionNumberedFilename $GLOBALS['TYPO3_REQUEST']	Use the **System Resource API** instead. Before:	-	local:14.3.x	14.0/Deprecation-107537-CreateVersionNumberedFileName.rst
107537	Deprecation	14.0	FilePathSanitizer service	PHP-API FullyScanned ext:frontend	FilePathSanitizer $TSFE->tmpl $GLOBALS['TYPO3_REQUEST']	Use the **System Resource API** instead. Before:	-	local:14.3.x	14.0/Deprecation-107537-FilePathSanitizer.rst
107537	Deprecation	14.0	`TYPO3\CMS\Core\Utility\PathUtility::getPublicResourceWebPath`	PHP-API FullyScanned ext:core	getPublicResourceWebPath($extResource) $GLOBALS['TYPO3_REQUEST']	Use the **System Resource API** instead. Before:	-	local:14.3.x	14.0/Deprecation-107537-getPublicResourcesWebPath.rst
107537	Feature	14.0	System resource API for system file access and public URI generation	ext:core	$GLOBALS['TYPO3_CONF_VARS']['FE']['addAllowedPaths'] SystemResourceFactory SystemResourcePublisherInterface	All parts of the TYPO3 Core where URLs are generated from specified resources now use the new API.	-	local:14.3.x	14.0/Feature-107537-SystemResourceAPIForSystemFileAccessAndPublicUriGeneration.rst
107550	Deprecation	14.0	Table Garbage Collection Task configuration via $GLOBALS	PHP-API Scheduler TCA FullyScanned ext:scheduler	TableGarbageCollectionTask class]['options']['tables'] $GLOBALS['TYPO3_CONF_VARS']['SC_OPTIONS'] $GLOBALS['TYPO3_CONF_VARS']	Instead of configuring tables via $GLOBALS['TYPO3_CONF_VARS'], tables should now be configured in TCA using the `taskOptions` configuration of the corresponding record type within Configuration/TCA/Ov…	-	local:14.3.x	14.0/Deprecation-107550-TableGarbageCollectionTaskConfigurationViaGlobals.rst
107562	Deprecation	14.0	IP Anonymization Task configuration via $GLOBALS	PHP-API Scheduler TCA FullyScanned ext:scheduler	IpAnonymizationTask class]['options']['tables'] $GLOBALS['TYPO3_CONF_VARS']['SC_OPTIONS'] $GLOBALS['TYPO3_CONF_VARS'] taskOptions dateField	Instead of configuring tables via $GLOBALS['TYPO3_CONF_VARS'], tables should now be configured in TCA using the taskOptions configuration of the corresponding record type within Configuration/TCA/Over…	-	local:14.3.x	14.0/Deprecation-107562-IpAnonymizationTaskConfigurationViaGlobals.rst
107566	Breaking	14.0	Removed "afterInitializeCurrentPage" hook	Backend ext:form FullyScanned	$GLOBALS['TYPO3_CONF_VARS']['SC_OPTIONS']['ext/form']['afterInitializeCurrentPage'] AfterCurrentPageIsResolvedEvent	The hook was removed without a deprecation phase to allow extensions to work with both TYPO3 v13 (using the hook) and TYPO3 v14+ (using the new event) simultaneously.	-	local:14.3.x	14.0/Breaking-107566-RemovedAfterInitializeCurrentPageHook.rst
107566	Feature	14.0	PSR-14 event after current page is resolved	Backend ext:form	AfterCurrentPageIsResolvedEvent $GLOBALS['TYPO3_CONF_VARS']['SC_OPTIONS']['ext/form']['afterInitializeCurrentPage'] $currentPage $formRuntime $lastDisplayedPage $request	With the new AfterCurrentPageIsResolvedEvent, it is now possible to manipulate the current page after it has been resolved.	-	local:14.3.x	14.0/Feature-107566-IntroducePSR14AfterCurrentPageIsResolvedEvent.rst
107568	Breaking	14.0	Removed "afterSubmit" hook	Backend ext:form FullyScanned	$GLOBALS['TYPO3_CONF_VARS']['SC_OPTIONS']['ext/form']['afterSubmit'] BeforeRenderableIsValidatedEvent afterSubmit	The hook was removed without a deprecation phase to allow extensions to work with both TYPO3 v13 (using the hook) and TYPO3 v14+ (using the new event) simultaneously.	-	local:14.3.x	14.0/Breaking-107568-RemovedAfterSubmitHook.rst
107568	Feature	14.0	PSR-14 event before renderable is validated	Backend ext:form	BeforeRenderableIsValidatedEvent $GLOBALS['TYPO3_CONF_VARS']['SC_OPTIONS']['ext/form']['afterSubmit'] $value $formRuntime $renderable $request	With the new BeforeRenderableIsValidatedEvent, it is now possible to modify or validate the value of a renderable element before TYPO3 Core performs its built-in validation logic.	-	local:14.3.x	14.0/Feature-107568-IntroducePSR14BeforeRenderableIsValidatedEvent.rst
107569	Breaking	14.0	Removed "beforeRendering" hook	Backend ext:form FullyScanned	$GLOBALS['TYPO3_CONF_VARS']['SC_OPTIONS']['ext/form']['beforeRendering'] BeforeRenderableIsRenderedEvent beforeRendering	The hook was removed without a deprecation phase to allow extensions to work with both TYPO3 v13 (using the hook) and TYPO3 v14+ (using the new event) simultaneously.	-	local:14.3.x	14.0/Breaking-107569-RemovedBeforeRenderingHook.rst
107569	Feature	14.0	PSR-14 event before renderable is rendered	Backend ext:form	BeforeRenderableIsRenderedEvent $GLOBALS['TYPO3_CONF_VARS']['SC_OPTIONS']['ext/form']['beforeRendering'] $renderable $formRuntime	With the new BeforeRenderableIsRenderedEvent, it is now possible to modify a renderable before it is rendered or adjust the form runtime data before rendering.	-	local:14.3.x	14.0/Feature-107569-IntroducePSR14BeforeRenderableIsRenderedEvent.rst
107578	Breaking	14.0	Event AfterCacheableContentIsGeneratedEvent changed	PHP-API FullyScanned ext:frontend	AfterCacheableContentIsGeneratedEvent TypoScriptFrontendController getController() getContent() setContent() AfterCacheableContentIsGeneratedEvent->getController() TypoScriptFrontendController->content	In most cases, AfterCacheableContentIsGeneratedEvent->getController() was used within event listeners to get and modify the TypoScriptFrontendController->content property at the end of the rendering p…	-	local:14.3.x	14.0/Breaking-107578-EventAfterCacheableContentIsGeneratedEventChanged.rst
107578	Breaking	14.0	Prepare EXT:adminpanel DataProviderInterface change	PHP-API NotScanned ext:adminpanel	DataProviderInterface getDataToStore() Response ResponseInterface	**Interface until TYPO3 v13:**	-	local:14.3.x	14.0/Breaking-107578-PrepareExtadminpanelDataProviderInterfaceChange.rst
107581	Feature	14.0	Improve handling of FinisherException	Frontend UX ext:form	FinisherException	Users no longer see a 503 error page if a FinisherException occurs. Instead, they receive a clear, user-friendly message in the form frontend.	-	local:14.3.x	14.0/Feature-107581-ImproveHandlingOfFinisherException.rst
107628	Feature	14.0	Improved backend module naming and structure	Backend PHP-API ext:backend ext:core	'web' 'content' 'file' 'media' site edit save dump editSettings saveSettings dumpSettings	All renamed module identifiers maintain their previous names as aliases, ensuring full backward compatibility.	-	local:14.3.x	14.0/Feature-107628-ImprovedBackendModuleNamingAndStructure.rst
107648	Deprecation	14.0	InfoboxViewHelper STATE_* constants	Fluid FullyScanned ext:fluid	InfoboxViewHelper STATE_NOTICE STATE_INFO STATE_OK STATE_WARNING STATE_ERROR ContextualFeedbackSeverity STATE_* ->value	Replace the deprecated constants with the corresponding ContextualFeedbackSeverity enum. Whenever possible, use the enum directly instead of extracting its integer value.	-	local:14.3.x	14.0/Deprecation-107648-InfoboxViewHelperStateConstants.rst
107654	Breaking	14.0	Remove random subpage option of doktype=shortcut	PHP-API TCA Frontend FullyScanned ext:core	SHORTCUT_MODE_RANDOM_SUBPAGE resolveShortcutPage() resolveShortcutPage(array $page, bool $resolveRandomSubpages = false, bool $disableGroupAccessCheck = false) resolveShortcutPage(array $page, bool $disableGroupAccessCheck = false) $resolveRandomSubpages $disableGroupAccessCheck PageRepository getPageShortcut()	Remove any usage of SHORTCUT_MODE_RANDOM_SUBPAGE. Update calls to resolveShortcutPage() to remove the $resolveRandomSubpages parameter:	-	local:14.3.x	14.0/Breaking-107654-RemoveRandomSubpageOptionOfDoktypeShortcut.rst
107663	Feature	14.0	Introduce submodule dependencies	Backend PHP-API ext:backend	appearance['dependsOnSubmodules']	Module menus become more intuitive and user-focused. Container modules equipped with appearance['dependsOnSubmodules'] intelligently adapt to the current context, appearing only when they offer action…	-	local:14.3.x	14.0/Feature-107663-DependsOnSubmodulesOptionForModules.rst
107668	Feature	14.0	Improve scheduler task group handling and display	Backend ext:scheduler TCA	'color' #FF8700 $GLOBALS['TCA']['tx_scheduler_task_group']['columns']['color']['config']['valuePicker']['items']	These enhancements improve the usability of the scheduler module, particularly for installations with many task groups.	-	local:14.3.x	14.0/Feature-107668-ImproveSchedulerTaskGroupHandlingAndDisplay.rst
107677	Breaking	14.0	Drop `prepend` and `append` modes from TCA value picker	TCA FullyScanned ext:backend	$GLOBALS['TCA']['tx_example']['columns']['example']['config']['valuePicker']['mode'] mode = prepend mode = append	There is no direct replacement for the removed modes. If your implementation depends on prepending or appending content to existing values, implement a **custom input type** or **custom form element**…	-	local:14.3.x	14.0/Breaking-107677-DropPrependAndAppendModesFromValuePicker.rst
107679	Feature	14.0	PSR-14 event for custom record retrieval in LinkBuilder	Frontend	BeforeDatabaseRecordLinkResolvedEvent DatabaseRecordLinkBuilder $record null $linkDetails $databaseTable $typoscriptConfiguration $tsConfig $request	This new event allows developers to implement custom record retrieval logic for links created with typolink, for example to apply custom access restrictions or fetch data from alternative sources befo…	-	local:14.3.x	14.0/Feature-107679-IntroducePSR14RetrieveRecordForLinkBuilderEvent.rst
107683	Feature	14.0	File storage tree items modification event and label support	Backend PHP-API TSConfig ext:backend	AfterFileStorageTreeItemsPreparedEvent TreeController	It is now possible to modify the prepared file storage tree items before they are returned by the TreeController, using the new PSR-14 event AfterFileStorageTreeItemsPreparedEvent.	-	local:14.3.x	14.0/Feature-107683-FileStorageTreeItemsModificationEventAndLabelSupport.rst
107697	Feature	14.0	Unified file creation in Element Browser	Backend ext:filelist		The unified file creation interface provides a significantly improved user experience through better context preservation, advanced duplication handling, and a consistent modal-based workflow.	-	local:14.3.x	14.0/Feature-107697-UnifiedFileCreationInElementBrowser.rst
107710	Feature	14.0	Support for XLIFF 2.x translation files	Backend Frontend Localization ext:core		Extension authors and integrators can now use either XLIFF 1.2 or XLIFF 2.x format for their translation files.	-	local:14.3.x	14.0/Feature-107710-SupportForXLIFF20TranslationFiles.rst
107712	Breaking	14.0	New method hasSubmoduleOverview() in ModuleInterface	Backend PHP-API NotScanned ext:backend	ModuleInterface hasSubmoduleOverview() hasSubmoduleOverview(): bool Module BaseModule	Add the hasSubmoduleOverview() method to your custom implementation of ModuleInterface. The method should typically return the configured value rather than a fixed boolean:	-	local:14.3.x	14.0/Breaking-107712-NewMethodHasSubmoduleOverviewInModuleInterface.rst
107712	Feature	14.0	Introduce card-based submodule overview	Backend PHP-API ext:backend	showSubmoduleOverview true SubmoduleOverviewController BackendModuleValidator ModuleTemplate description shortDescription	Backend navigation becomes more intuitive and self-documenting.	-	local:14.3.x	14.0/Feature-107712-IntroduceCardBasedSubModuleOverview.rst
107725	Deprecation	14.0	Deprecate usage of array in password for authentication in Redis cache backend	LocalConfiguration NotScanned ext:core	array|string	Use the dedicated configuration options `username` and `password` instead of passing an array to `password`. **Before (deprecated):**	-	local:14.3.x	14.0/Deprecation-107725-RedisCacheBackendAuthenticationWithUsernameAndPassword.rst
107725	Feature	14.0	Support username for authentication in Redis cache backend	LocalConfiguration ext:core	RedisBackend password array|string	The RedisBackend now supports authentication using both a username and a password. The password configuration option is now typed as array|string.	-	local:14.3.x	14.0/Feature-107725-RedisCacheBackendAuthenticationWithUsernameAndPassword.rst
107755	Feature	14.0	Add creation information for redirects	Backend ext:redirects		All newly created redirects automatically include creation information, regardless of whether they are created: * Manually through the redirects backend module * Automatically when updating a page slu…	-	local:14.3.x	14.0/Feature-107755-AddCreationInformationForRedirects.rst
107759	Feature	14.0	TranslateViewHelper supports translation domain syntax	Fluid Localization ext:fluid		The ViewHelper now provides a more convenient and readable way to reference translations using the new translation domain syntax.	-	local:14.3.x	14.0/Feature-107759-TranslateViewHelperSupportsTranslationDomainSyntax.rst
107777	Breaking	14.0	Use strict types in Extbase class `Argument`	Backend Frontend NotScanned ext:extbase	Argument	Ensure all subclasses of Argument use strict type declarations for overridden properties, method parameters, and return types.	-	local:14.3.x	14.0/Breaking-107777-UseStrictTypesInExtbaseArgument.rst
107783	Breaking	14.0	Registration of metadata extractors via `registerExtractionService`	FAL PHP-API FullyScanned ext:core	registerExtractionService() ExtractorInterface	The method has been removed without deprecation in order to allow extensions to work with TYPO3 v13 (using the registration method) and v14+ (using automatic interface-based registration) without addi…	-	local:14.3.x	14.0/Breaking-107783-RemovedRegisterExtractionService.rst
107783	Feature	14.0	Register metadata extractors via interface	FAL PHP-API ext:core	ExtractorInterface ExtractorRegistry	Instances of ExtractorInterface are now detected and registered automatically.	-	local:14.3.x	14.0/Feature-107783-RegisterMetadataExtractorsViaInterface.rst
107784	Breaking	14.0	Remove backend layout data provider registration via `$GLOBALS`	Backend PHP-API FullyScanned ext:backend	$GLOBALS['TYPO3_CONF_VARS']['SC_OPTIONS']['BackendLayoutDataProvider'] DataProviderInterface getIdentifier() DataProviderCollection add() $GLOBALS	Migrate existing registrations to the new autoconfiguration-based approach. **Before:**	-	local:14.3.x	14.0/Breaking-107784-RemoveBackendLayoutDataProviderRegistrationViaGLOBALS.rst
107784	Feature	14.0	Autoconfigure backend layout data providers	Backend PHP-API ext:backend	DataProviderInterface DataProviderCollection getIdentifier() my_provider__my_layout $GLOBALS['TYPO3_CONF_VARS']['SC_OPTIONS']['BackendLayoutDataProvider']	Backend layout data providers are now automatically registered and can be used without further configuration. This improves developer experience and reduces configuration overhead.	-	local:14.3.x	14.0/Feature-107784-AutoconfigureBackendLayoutDataProviders.rst
107789	Breaking	14.0	Core TCA and user settings showitem strings use short form references	TCA NotScanned ext:core	$GLOBALS['TYPO3_USER_SETTINGS'] $GLOBALS['TCA'] str_contains() str_replace() preg_match()	Custom extensions that programmatically manipulate TCA or $GLOBALS['TYPO3_USER_SETTINGS'] `showitem` strings from core tables and expect the full `LLL:EXT:` path format will break.	-	local:14.3.x	14.0/Breaking-107789-CoreTCATabLabelsUseShortFormReferences.rst
107791	Breaking	14.0	Report interfaces removed	Backend PHP-API NotScanned ext:reports	ReportInterface RequestAwareReportInterface ResponseInterface	Custom reports must be migrated to backend submodules. **Register as a submodule under `system_reports`:**	-	local:14.3.x	14.0/Breaking-107791-ReportInterfacesRemoved.rst
107791	Feature	14.0	Reports module uses native submodule overview	Backend PHP-API ext:reports	showSubmoduleOverview	The Administration > Reports module now provides a cleaner and more intuitive interface using standard TYPO3 backend navigation patterns.	-	local:14.3.x	14.0/Feature-107791-ReportsModuleUsesSubmoduleOverview.rst
107794	Feature	14.0	Improved breadcrumb navigation in backend	Backend UX ext:backend	DocHeaderComponent addBreadcrumbSuffixNode() setMetaInformation()	Backend users benefit from improved navigation and orientation: * **Always know where you are:** The breadcrumb trail shows your current location in the page tree, file system, or record hierarchy.	-	local:14.3.x	14.0/Feature-107794-ImprovedBreadcrumbComponent.rst
107795	Feature	14.0	Introduce Integrations module	Backend ext:core	webhooks_management integrations_webhooks system_reactions integrations_reactions	The new Administration > Integrations module provides a centralized location for managing all types of external system integrations in TYPO3.	-	local:14.3.x	14.0/Feature-107795-IntroduceIntegrationsModule.rst
107812	Feature	14.0	Setting To Restrict Latest Changed Pages Widget To Current User Changes	Backend ext:dashboard		* TYPO3 users can use the *Latest changed Pages* widget to quickly resume their recent work. * Existing setups are unaffected unless this option is explicitly enabled.	-	local:14.3.x	14.0/Feature-107812-SettingToRestrictLatestChangedPagesWidgetToCurrentUserChanges.rst
107813	Deprecation	14.0	Deprecate MetaInformation API in DocHeader	Backend PHP-API FullyScanned ext:backend	MetaInformation DocHeaderComponent setMetaInformation() setMetaInformationForResource() E_USER_DEPRECATED @internal $view->getDocHeaderComponent()->setMetaInformation($pageRecord) $view->getDocHeaderComponent()->setMetaInformationForResource($resource) EditDocumentController BreadcrumbFactory setBreadcrumbContext()	Replace calls to the deprecated methods with the new convenience methods on DocHeaderComponent. **Before:**	-	local:14.3.x	14.0/Deprecation-107813-DeprecateMetaInformationAPI.rst
107823	Breaking	14.0	Strict typing and API cleanup in backend template components	Backend PHP-API NotScanned ext:backend	ComponentInterface ButtonInterface DropDownItemInterface isValid(): bool getType(): string render(): string TypeError PositionInterface getPosition(): string getGroup(): int addButton() $icon ?Icon Icon AbstractButton LinkButton InputButton SplitButton isValid() render() string static self getButton() getItems() SplitButtonItems public readonly AbstractButton $primary public readonly array $options MenuItem Menu +1-more-see-rst	Extension authors should: 1. **Verify custom button implementations** have correct return types on interface methods. 2. **Check custom classes extending abstract buttons** use proper strict types.	-	local:14.3.x	14.0/Breaking-107823-StrictTypingAndAPICleanupInBackendTemplateComponents.rst
107823	Deprecation	14.0	ButtonBar, Menu, and MenuRegistry make* methods deprecated	Backend PHP-API FullyScanned ext:backend	ButtonBar Menu MenuRegistry ComponentFactory makeGenericButton() makeInputButton() makeSplitButton() makeDropDownButton() makeLinkButton() makeFullyRenderedButton() makeShortcutButton() makeButton() makeMenuItem() makeMenu() make*() create*() createBackButton() createCloseButton() createSaveButton() createReloadButton() createViewButton() makeButton(string $className) makeInstance() createMenuItem() createMenu() addMenuItem() static	Inject ComponentFactory in your controller and use its create*() methods instead of make*(). **Before:**	-	local:14.3.x	14.0/Deprecation-107823-ButtonBarMakeMethods.rst
107823	Feature	14.0	ComponentFactory for backend components	Backend PHP-API ext:backend	ComponentFactory ButtonBar MenuRegistry Menu make*() makeMenuItem() makeMenu() DatabaseRecordList FileList ActionGroup ComponentGroup ModifyRecordListRecordActionsEvent ProcessFileListActionsEvent ButtonSize setDataAttributes() setClasses() setIcon() string UriInterface createBackButton(string|UriInterface $returnUrl) createCloseButton(string|UriInterface $closeUrl) createSaveButton(string $formName = '') createReloadButton(string|UriInterface $requestUri) createViewButton(array $previewDataAttributes = []) createLinkButton() createInputButton() createGenericButton() createSplitButton() createDropDownButton() createFullyRenderedButton() +18-more-see-rst	Backend module developers should now inject ComponentFactory in their controllers to create buttons. The factory provides: 1.	-	local:14.3.x	14.0/Feature-107823-ComponentFactoryForBackendComponents.rst
107831	Breaking	14.0	AfterCachedPageIsPersistedEvent no longer receives TypoScriptFrontendController	Frontend NotScanned ext:frontend	AfterCachedPageIsPersistedEvent TypoScriptFrontendController getController() $event->getRequest()	In most cases, data that was previously retrieved from the TypoScriptFrontendController` instance can now be accessed through the request object, available via $event->getRequest().	-	local:14.3.x	14.0/Breaking-107831-AfterCachedPageIsPersistedEventNoLongerReceivesTypoScriptFrontendController.rst
107831	Breaking	14.0	Removed `TypoScriptFrontendController`	Frontend NotScanned ext:frontend	TypoScriptFrontendController getTypoScriptFrontendController() AbstractContentObject->getTypoScriptFrontendController() additionalFooterData	See breaking-102621-1701937690 for a detailed list of removed properties and their replacements. As a specific example, old code that added additional header data like this:	-	local:14.3.x	14.0/Breaking-107831-RemovedTypoScriptFrontendController.rst
107856	Breaking	14.0	DataHandler: Remove internal property `copyWhichTables`and properties `neverHideAtCopy`and `copyTree`	PHP-API FullyScanned ext:core	BE_USER	The configuration values `neverHideAtCopy ` and `copyTree` are directly read from the backend user BE_USER object. To modify them, use the following values instead:	-	local:14.3.x	14.0/Breaking-107856-DataHandlerRemoveInternalPropertyCopyWhichTablesandPropertiesNeverHideAtCopyandCopyTree.rst
107871	Breaking	14.0	Remove backend avatar provider registration via :php:`$GLOBALS`	Backend PHP-API FullyScanned ext:backend	$GLOBALS $GLOBALS['TYPO3_CONF_VARS']['EXTCONF']['backend']['avatarProviders'] #[AsAvatarProvider]	Migrate existing registrations to the new autoconfiguration-based approach. **Before:**	-	local:14.3.x	14.0/Breaking-107871-RemoveBackendAvatarProviderRegistrationViaGLOBALS.rst
107871	Feature	14.0	Autoconfigure backend avatar providers	Backend PHP-API ext:backend	#[AsAvatarProvider] $GLOBALS['TYPO3_CONF_VARS']['EXTCONF']['backend']['avatarProviders']	Backend avatar providers are now automatically registered using the PHP attribute #[AsAvatarProvider]. This improves the developer experience and reduces configuration overhead.	-	local:14.3.x	14.0/Feature-107871-AutoconfigureBackendAvatarProviders.rst
107873	Feature	14.0	New Bookmarks Widget	Backend ext:dashboard		* Editors can add the Bookmarks widget to their dashboard for quick access to their saved bookmarks.	-	local:14.3.x	14.0/Feature-107873-NewBookmarksWidget.rst
107875	Feature	14.0	Improved DocHeader layout and unified language selector	Backend UX ext:backend	makeDocHeaderModuleMenu() setLanguageSelector() ComponentFactory PageLayoutController DropDownDivider DropDownHeader setShowActiveLabelText(true) setShowLabelText(true) setShowLabelText(false)	The changes provide a more consistent and intuitive user experience.	-	local:14.3.x	14.0/Feature-107875-ImprovedDocHeaderLayoutAndUnifiedLanguageSelector.rst
107884	Breaking	14.0	Rework actions to use Buttons API with Components	Backend PHP-API PartiallyScanned ext:backend ext:filelist	ModifyRecordListRecordActionsEvent ProcessFileListActionsEvent makeControl() ActionGroup ComponentGroup ComponentInterface $table setAction() getAction() $group hasAction() removeAction() getActionGroup() getRecord() getRequest() getActions() setActions() getTable() moveActionTo() getActionItems() setActionItems() RecordInterface $record->getMainType() primary secondary ComponentFactory getRecord()->getMainType()	Extensions that listen to the ModifyRecordListRecordActionsEvent or ProcessFileListActionsEvent to modify record or file actions need to be updated.	-	local:14.3.x	14.0/Breaking-107884-ReworkActionsToUseButtonsAPI.rst
107889	Feature	14.0	Introduce TCA option "itemsProcessors"	TCA ext:core	itemsProcessors itemsProcFunc $context->processorParameters ItemsProcessorInterface SelectItemCollection ItemsProcessorContext SpecialRelationsProcessor2 SpecialRelationsProcessor ['foo' => 'bar'] $context->fieldTSconfig [] 50	It is still possible to use itemsProcFunc, but switching to itemsProcessors is recommended because it offers two main advantages: * Being an array, it allows extensions to add processors on top of exi…	-	local:14.3.x	14.0/Feature-107889-IntroduceTCAOptionItemsProcessors.rst
107927	Breaking	14.0	Remove "external" property / option from TypoScript and AssetRenderer	Frontend NotScanned ext:frontend		TypoScript before:	-	local:14.3.x	14.0/Breaking-107927-ExternalAttributesRemoved.rst
107938	Deprecation	14.0	Deprecate unused XLIFF files	Backend Frontend TCA TypoScript NotScanned ext:core	E_USER_DEPRECATED	If the desired string is contained in another language domain, consider using that domain. Otherwise, move the required labels into your extension or site package.	-	local:14.3.x	14.0/Deprecation-107938-DeprecateUnusedXLIFFFiles.rst
107943	Breaking	14.0	Frontend and backend HTTP response compression removed	Backend Frontend LocalConfiguration NotScanned ext:core	$GLOBALS['TYPO3_CONF_VARS']['FE']['compressionLevel'] $GLOBALS['TYPO3_CONF_VARS']['BE']['compressionLevel']	The configuration toggles for the backend $GLOBALS['TYPO3_CONF_VARS']['BE']['compressionLevel'] and the frontend $GLOBALS['TYPO3_CONF_VARS']['FE']['compressionLevel'] are obsolete, existing settings i…	-	local:14.3.x	14.0/Breaking-107943-FrontendAndBackendHTTPResponseCompressionRemoved.rst
107944	Breaking	14.0	Frontend CSS file processing no longer removes comments and whitespaces	Frontend NotScanned ext:frontend	$GLOBALS['TYPO3_CONF_VARS']['FE']['compressionLevel']	If minimizing CSS file size is important, consider one of the following options: - Optimize or minify CSS files manually during deployment.	-	local:14.3.x	14.0/Breaking-107944-FrontendCSSFileProcessingNoLongerRemovesCommentsAndWhitespaces.rst
107945	Breaking	14.0	Class FlexFormService merged into FlexFormTools	FlexForm PHP-API FullyScanned ext:core	FlexFormService FlexFormTools FlexFormService->convertFlexFormContentToArray($flexFormContent, $languagePointer = 'lDEF', $valuePointer = 'vDEF'): array FlexFormTools->convertFlexFormContentToArray(string $flexFormContent): array FlexFormService->convertFlexFormContentToSheetsArray(string $flexFormContent, string $languagePointer = 'lDEF', string $valuePointer = 'vDEF'): array FlexFormTools->convertFlexFormContentToSheetsArray(string $flexFormContent): array FlexFormService->walkFlexFormNode() walkFlexFormNode() convertFlexFormContentToArray() convertFlexFormContentToSheetsArray() lDEF vDEF	Extensions typically did not use the now internal helper method walkFlexFormNode().	-	local:14.3.x	14.0/Breaking-107945-ClassFlexFormServiceMergedIntoFlexFormTools.rst
107953	Feature	14.0	Add "Current logged-in users" filter to the "Backend Users" module	Backend ext:beuser	lastlogin $GLOBALS['TYPO3_CONF_VARS']['BE']['sessionTimeout']	Administrators can now filter backend users by those who are currently logged in, providing an immediate overview of active sessions directly within the Administration > Users module.	-	local:14.3.x	14.0/Feature-107953-AddCurrentLoggedInUsersFilterToBackendUsersModule.rst
107963	Deprecation	14.0	sys_redirect default type name changed to "default"	TCA NotScanned ext:redirects	$GLOBALS['TCA']['sys_redirect']['types']['1']	Update your TCA override files to use the new type name `'default'` instead of `'1'`.	-	local:14.3.x	14.0/Deprecation-107963-SysRedirectDefaultTypeName.rst
108002	Feature	14.0	Introduce built-in symmetric encryption/decryption cipher service	ext:core	CipherService $GLOBALS['TYPO3_CONF_VARS']['SYS']['encryptionKey'] KeyFactory $this->keyFactory->createSharedKeyFromString(getenv('MY_APP_KEY')) $this->keyFactory->generateSharedKey() encrypt() decrypt()	The CipherService and KeyFactory are now available as autoconfigured services throughout TYPO3 core and extensions.	-	local:14.3.x	14.0/Feature-108002-IntroduceBuilt-inSymmetricEncryptiondecryptionCipherService.rst
108008	Deprecation	14.0	Manual shortcut button creation	Backend PHP-API PartiallyScanned ext:backend	ShortcutButton setShortcutContext()	Replace manual shortcut button creation with the new API. **Before**:	-	local:14.3.x	14.0/Deprecation-108008-ManualShortcutButtonCreation.rst
108008	Feature	14.0	Automatic reload and shortcut buttons in backend modules	Backend PHP-API ext:backend	setShortcutContext() ModifyButtonBarEvent	Reload and shortcut buttons now appear consistently at the same position across all backend modules, providing a predictable user experience.	-	local:14.3.x	14.0/Feature-108008-AutomaticReloadAndShortcutButtonsInBackendModules.rst
108016	Feature	14.0	Multi-language selection in page and list modules	Backend ext:backend		Users can now: * Select multiple specific languages to compare * Toggle individual languages on / off * Quickly select or deselect all available languages * See visual feedback with appropriate icons…	-	local:14.3.x	14.0/Feature-108016-MultiLanguageSelectionInPageAndListModules.rst
108027	Feature	14.0	Type-specific title in TCA types section	TCA Backend ext:core	title types ctrl['title'] previewRenderer TcaSchemaFactory array_replace_recursive() $schema->getTitle() TcaTypesCtrlOverrides processedTca['ctrl'] ctrl tx_my_table.type.article tx_my_table.type.news CType	Tables with multiple record types can now define more specific and descriptive titles for each type in the backend user interface.	-	local:14.3.x	14.0/Feature-108027-Type-SpecificCtrlPropertiesInTCATypes.rst
108049	Feature	14.0	Modernized translation workflow	Backend JavaScript ext:backend	@internal LocalizationHandlerRegistry LocalizationHandlerInterface LocalizationFinisherInterface	The new translation workflow provides a consistent and intuitive user experience across all backend modules.	-	local:14.3.x	14.0/Feature-108049-ModernizedTranslationWorkflow.rst
108054	Breaking	14.0	Enforce explicit opt-in for TypoScript/TSconfig callables	TSConfig TypoScript NotScanned ext:core	AsAllowedCallable] AsAllowedCallable AllowedCallableAssertion callUserFunction() AllowedCallableException #[AsAllowedCallable] __invoke()	Add the #[AsAllowedCallable] attribute to all methods that should be callable from TypoScript or TSconfig. **TypoScript userFunc example:**	-	local:14.3.x	14.0/Breaking-108054-EnforceExplicitOpt-inForTypoScriptTSconfigCallables.rst
108055	Breaking	14.0	Removed frontend asset concatenation and compression	Frontend LocalConfiguration TypoScript NotScanned ext:frontend	$GLOBALS['TYPO3_CONF_VARS']['FE']['compressionLevel'] ResourceCompressor config.concatenate* config.compress* getUrl() PageRenderer AssetCollector	Consider one or more of the alternatives outlined above.	-	local:14.3.x	14.0/Breaking-108055-RemovedFrontendAssetConcatenationAndCompression.rst
108055	Breaking	14.0	Removed PageRenderer related hooks and methods	PHP-API PartiallyScanned ext:core	PageRenderer disableConcatenateCss() enableConcatenateCss() getConcatenateCss() disableCompressCss() enableCompressCss() getCompressCss() disableConcatenateJavascript() enableConcatenateJavascript() getConcatenateJavascript() disableCompressJavascript() enableCompressJavascript() getCompressJavascript() $GLOBALS['TYPO3_CONF_VARS']['FE']['cssConcatenateHandler'] $GLOBALS['TYPO3_CONF_VARS']['FE']['cssCompressHandler'] $GLOBALS['TYPO3_CONF_VARS']['FE']['jsConcatenateHandler'] $GLOBALS['TYPO3_CONF_VARS']['FE']['jsCompressHandler'] $GLOBALS['TYPO3_CONF_VARS']['SC_OPTIONS']['t3lib/class.t3lib_div.php']['minifyJavaScript'] addJsInlineCode() addCssInlineBlock() addJsFile() addJsFooterInlineCode() addJsFooterFile() addJsLibrary() addJsFooterLibrary() addCssFile() addCssLibrary() $GLOBALS['TYPO3_CONF_VARS']['SC_OPTIONS']['t3lib/class.t3lib_pagerenderer.php']['render-preProcess'] $GLOBALS['TYPO3_CONF_VARS']['SC_OPTIONS']['t3lib/class.t3lib_pagerenderer.php']['render-postTransform'] $GLOBALS['TYPO3_CONF_VARS']['SC_OPTIONS']['t3lib/class.t3lib_pagerenderer.php']['render-postProcess'] +10-more-see-rst	There is no direct one-to-one migration in this case. In general, extensions must no longer expect the existence of code related to the TypoScript configuration options config.compressCss, config.comp…	-	local:14.3.x	14.0/Breaking-108055-RemovedPageRendererRelatedHooksAndMethods.rst
108084	Breaking	14.0	Allow rootless paths in URI implementation	PHP-API NotScanned ext:core	UriInterface Uri	Regarding top level TYPO3 API and functionality, nothing has changed. Required TYPO3 code has been adapted.	-	local:14.3.x	14.0/Breaking-108084-UrlRepresenttionRootlessPaths.rst
108093	Breaking	14.0	Add respectSubmittedDataValue argument in password ViewHelper	Fluid FullyScanned ext:fluid	respectSubmittedDataValue false f:form.password	If the submitted field value of the f:form.password ViewHelper must remain on validation errors of the form, users must adapt the password ViewHelper usage as shown below:	-	local:14.3.x	14.0/Breaking-108093-AddRespectSubmittedDataValueArgumentInPasswordViewHelper.rst
108097	Breaking	14.0	MailMessage->send() removed	PHP-API NotScanned ext:core	MailMessage send() isSent() MailerInterface	The service (usually a controller class) that sends emails should be reconfigured to get an instance of MailerInterface injected and should use that service to call send(). Example before:	-	local:14.3.x	14.0/Breaking-108097-MailMessage-sendRemoved.rst
108113	Breaking	14.0	Globals _GET and _POST not reset to current Request data anymore	PHP-API NotScanned ext:core	ContentObjectRenderer RequestHandler _GET _POST HTTP_GET_VARS HTTP_POST_VARS $GLOBALS['TYPO3_REQUEST'] PrepareTypoScriptFrontendRendering $request->getQueryParams() getIndpEnv()	Middlewares receive the Request object directly and should use it instead of fetching it from $GLOBALS['TYPO3_REQUEST'].	-	local:14.3.x	14.0/Breaking-108113-Globals_GETAnd_POSTNotResetToCurrentRequestDataAnymore.rst
108114	Breaking	14.0	Global frontend content link prefixing removed	Frontend PHP-API NotScanned ext:frontend	$GLOBALS['TYPO3_CONF_VARS']['FE']['additionalAbsRefPrefixDirectories']	Instances should check the rendered frontend for broken links after upgrading to TYPO3 v14 and update hard coded link generation to use proper API calls, for example based on the various URL, URI and…	-	local:14.3.x	14.0/Breaking-108114-GlobalFrontendContentLinkPrefixingRemoved.rst
108148	Breaking	14.0	CDATA sections in Fluid templates no longer removed	Fluid NotScanned ext:fluid		To comment out code in Fluid templates, the `Comment ViewHelper <f:comment> <https://docs.typo3.org/permalink/t3viewhelper:typo3fluid-fluid-comment>`_ should be used.	-	local:14.3.x	14.0/Breaking-108148-CDATASectionsNoLongerRemoved.rst
108148	Breaking	14.0	Fluid 5.0	Fluid PartiallyScanned ext:fluid		Noteworthy deprecations and mitigations have already been communicated with TYPO3 changelog entries in 13.x: * `Deprecation: #104223 - Fluid standalone methods <https://docs.typo3.org/permalink/change…	-	local:14.3.x	14.0/Breaking-108148-Fluid50.rst
108148	Breaking	14.0	Disallow Fluid variable names with underscore prefix	Fluid NotScanned ext:fluid	$view->assign() $view->assignMultiple()	The following examples no longer work with Fluid 5:	-	local:14.3.x	14.0/Breaking-108148-FluidUnderscoreVariablePrefix.rst
108148	Breaking	14.0	Strict Types in Fluid ViewHelpers	Fluid NotScanned ext:fluid	string int null TagBuilder	Custom ViewHelper implementations need to make sure that they declare proper return types in the ViewHelper class to conform to Fluid 5's interface changes, for example: * `initializeArguments()` must…	-	local:14.3.x	14.0/Breaking-108148-StrictTypesInFluidViewHelpers.rst
108148	Deprecation	14.0	Fluid LenientArgumentProcessor	Fluid FullyScanned ext:fluid	LenientArgumentProcessor StrictArgumentProcessor	The class can be copied to the project/extension if it's still required.	-	local:14.3.x	14.0/Deprecation-108148-FluidLenientArgumentProcessor.rst
108148	Feature	14.0	Alternative Fluid syntax for CDATA sections	Fluid ext:fluid		Inline CSS and JavaScript can now be wrapped in CDATA in Fluid templates, which prevents syntax collision with Fluid's inline syntax.	-	local:14.3.x	14.0/Feature-108148-AlternativeFluidSyntaxForCDATASections.rst
108148	Feature	14.0	Union types for ViewHelpers	Fluid ext:fluid	mixed	Custom ViewHelper implementations have more options to specify an API with strict type requirements and can avoid manual type checks.	-	local:14.3.x	14.0/Feature-108148-UnionTypesForViewHelpers.rst
108166	Feature	14.0	Fluid file extension and template resolving	Fluid ext:fluid		While the TYPO3 Core can already switch to the new `*.fluid.*` file extension, TYPO3 community extensions will probably continue to use `*.html` for an extended period.	-	local:14.3.x	14.0/Feature-108166-FluidFileExtensionAndTemplateResolving.rst
108227	Deprecation	14.0	Usage of :php:`#[IgnoreValidation]` and :php:`#[Validate]` attributes for parameters at method level	Frontend PHP-API NotScanned ext:extbase	#[IgnoreValidation] #[Validate] $argumentName $param null	Developers can easily migrate their implementations by moving parameter-related attributes next to the method parameters instead of the related method. **Before:**	-	local:14.3.x	14.0/Deprecation-108227-UsageOfIgnoreValidationAndValidateAttributesForParametersAtMethodLevel.rst
108227	Feature	14.0	Allow :php:`#[IgnoreValidation]` and :php:`#[Validate]` attributes for method parameters	Frontend PHP-API ext:extbase	#[IgnoreValidation] #[Validate]	By allowing the usage of both #[IgnoreValidation] and #[Validate] attributes at method parameter level, the previous error-prone behavior is now hardened.	-	local:14.3.x	14.0/Feature-108227-AllowIgnoreValidationAndValidateAttributesAtControllerActionMethodParameters.rst
108229	Feature	14.0	Fluid cache warmup	CLI Fluid ext:fluid		The warmup command can be useful to reduce ramp up time after deployments.	-	local:14.3.x	14.0/Feature-108229-FluidCacheWarmup.rst
108240	Feature	14.0	Introduce Fresh theme	Backend ext:backend		The introduction of the "Fresh" theme demonstrates TYPO3's commitment to providing a modern, customizable backend experience.	-	local:14.3.x	14.0/Feature-108240-IntroduceFreshTheme.rst
108277	Breaking	14.0	Remove superfluous CacheHashCalculator public methods	Frontend FullyScanned ext:core	setConfiguration() with() CacheHashConfiguration CacheHashCalculator	Instead of modifying configuration after instantiation using the removed setConfiguration() method, merge configuration arrays before creating the CacheHashConfiguration instance, then pass it to the…	-	local:14.3.x	14.0/Breaking-108277-RemoveSuperfluousCacheHashCalculatorPublicMethods.rst
108304	Breaking	14.0	Populate extension title from composer.json	PHP-API NotScanned ext:core		Put the desired extension title into the composer.json description field and separate it from the description with ` - ` (space, dash, space), or use the extension manager "Composer Support of Extensi…	-	local:14.3.x	14.0/Breaking-108304-PopulateExtensionTitleFromComposerJson.rst
108310	Breaking	14.0	Require composer.json in classic mode	PHP-API NotScanned ext:core		Extension authors must ensure their extensions include a valid composer.json. TER extensions have required this since 2021. Example composer.json:	-	local:14.3.x	14.0/Breaking-108310-RequireComposerJsonInClassicMode.rst
90099	Feature	14.1	Allow to utilize password validators in Install Tool	CLI ext:core ext:install	$GLOBALS['TYPO3_CONF_VARS']['SYS']['passwordPolicies']['installTool']['validators'] CorePasswordValidator	Maintainers now need to set secure Install Tool passwords and can configure validation rules. Existing Install Tool passwords are not affected, making this a non-breaking feature.	-	local:14.3.x	14.1/Feature-90099-AllowToUtilizePasswordValidatorsInInstallTool.rst
107756	Feature	14.1	Add QR Code module	Backend ext:redirects		The new QR Code module enables users to create scannable QR codes that redirect to any specified URL.	-	local:14.3.x	14.1/Feature-107756-AddQRCodeModule.rst
107837	Feature	14.1	Route enhancers in site sets	Frontend YAML ext:core		Extensions can now ship route enhancers as part of their site sets, providing a streamlined way to configure routing for extension functionality.	-	local:14.3.x	14.1/Feature-107837-RouteEnhancersInSiteSets.rst
107837	Feature	14.1	Sitemap route enhancers provided via site set	Frontend YAML ext:seo		Sites using the `typo3/seo-sitemap` set no longer need to manually configure sitemap route enhancers. The clean URLs are available automatically.	-	local:14.3.x	14.1/Feature-107837-SitemapRouteEnhancersProvidedViaSiteSet.rst
107961	Feature	14.1	Search translated pages in page tree	Backend ext:backend	AfterPageTreeItemsPreparedEvent	Editors working in multilingual TYPO3 installations can now efficiently search for pages using translated titles or translation UIDs.	-	local:14.3.x	14.1/Feature-107961-SearchTranslatedPagesInPageTree.rst
108086	Deprecation	14.1	Raise deprecation error on using deprecated labels	ext:core NotScanned	E_USER_DEPRECATED	1. Review the deprecation log for warnings related to localization labels. Note that deprecations are only written the first time a label is used after deleting the cache. 2.	-	local:14.3.x	14.1/Deprecation-108086-RaiseDeprecationErrorOnUsingDeprecatedLabels.rst
108344	Feature	14.1	Allow number of decimals in :typoscript:`stdWrap.bytes` function	TypoScript ext:frontend	formatSize $decimals null	By allowing to configure the number of decimals in stdWrap.bytes, integrators can now better adapt the output of the formatted size returned by the TypoScript function.	-	local:14.3.x	14.1/Feature-108344-AllowNumberOfDecimalsInStdWrapbytesFunction.rst
108431	Feature	14.1	Add TCA datetime format=datetimesec option	Backend NotScanned ext:core	['config']['dbType'] ['config']['dbType'] = 'datetime'	Editors and integrators can now specify dates including seconds in database record fields, if the fields are configured with the new TCA config format `datetimesec`.	-	local:14.3.x	14.1/Feature-108431-AddTCAdatetimeformatdatetimesecoption.rst
108462	Feature	14.1	Add PSR-14 Event AfterPageContentPreviewRenderedEvent	Backend PHP-API ext:backend	GridColumnItem PageContentPreviewRenderingEvent PreviewRendererInterface AfterPageContentPreviewRenderedEvent	As integrator it is sometimes handy to enrich the previews of other content elements and plugins to display additional fields.	-	local:14.3.x	14.1/Feature-108462-AddPSR-14EventAfterPageContentPreviewRenderedEvent.rst
108463	Feature	14.1	User-specific configuration of date-timepicker's first day of a week	Backend NotScanned ext:core		Editors can now choose the first day of a week as a user preference, independent from locale selection.	-	local:14.3.x	14.1/Feature-108463-User-specificconfigurationofdate-timepickerstartofweek.rst
108508	Feature	14.1	Fluid components integration	Fluid ext:fluid	ComponentCollection	Fluid component collections no longer need to be defined by creating a custom class, but can now be registered purely by configuration. Existing class-based collections will continue to work.	-	local:14.3.x	14.1/Feature-108508-FluidComponentsIntegration.rst
108508	Feature	14.1	PSR-14 events for Fluid components	Fluid ext:fluid	ModifyComponentDefinitionEvent ProvideStaticVariablesToComponentEvent RenderComponentEvent $renderedContent $event->setRenderedContent() $event->setArguments() $event->setSlots()	Three new PSR-14 events can be used to influence the processing and rendering of Fluid components.	-	local:14.3.x	14.1/Feature-108508-PSR-14EventsForFluidComponents.rst
108524	Deprecation	14.1	Fluid namespaces in TYPO3_CONF_VARS	Fluid LocalConfiguration FullyScanned ext:fluid	$GLOBALS['TYPO3_CONF_VARS']['SYS']['fluid']['namespaces']	Standard use cases, such as registering a new global namespace or extending an existing one, can be migrated to the dedicated `Configuration/Fluid/Namespaces.php` configuration file. Before:	-	local:14.3.x	14.1/Deprecation-108524-FluidNamespacesInTYPO3_CONF_VARS.rst
108524	Feature	14.1	Configuration file to register global Fluid namespaces	Fluid ext:fluid	$GLOBALS['TYPO3_CONF_VARS']['SYS']['fluid']['namespaces'] ModifyNamespacesEvent	Extensions can now register global Fluid namespaces in a dedicated configuration file `Configuration/Fluid/Namespaces.php`.	-	local:14.3.x	14.1/Feature-108524-ConfigurationFileToRegisterGlobalFluidNamespaces.rst
108539	Feature	14.1	Introduce default theme "Camino"	Frontend NotScanned ext:theme_camino		A default frontend theme is now available. It can be easily activated in the TYPO3 installation process, or also be enabled afterwards. It is dependency-free and provides and utilizes site sets.	-	local:14.3.x	14.1/Feature-108539-Default-Theme-Camino.rst
108558	Feature	14.1	Add original file name to SanitizeFileNameEvent	PHP-API ext:core	SanitizeFileNameEvent	It is now possible to retrieve the original file name in the PSR-14 event SanitizeFileNameEvent.	-	local:14.3.x	14.1/Feature-108558-AddOriginalFileNameToSanitizeFileNameEvent.rst
108623	Feature	14.1	Allow content element restrictions per colPos	Backend TSConfig ext:backend	ManipulateBackendLayoutColPosConfigurationForPageEvent @internal	Backend layout columns can now restrict, which content element types are allowed or disallowed inside of it.	-	local:14.3.x	14.1/Feature-108623-AllowContentElementRestrictionsPerColPos.rst
108627	Feature	14.1	Allow adding inline language domains to JavaScript	JavaScript PHP-API ext:core	PageRenderer->addInlineLanguageDomain() addInlineLanguageLabelFile()	Previously, it was possible to load entire language files using addInlineLanguageLabelFile() (which is still available), but labels were added without any prefix.	-	local:14.3.x	14.1/Feature-108627-AllowAddingInlineLanguageDomainsToJavaScript.rst
108663	Feature	14.1	Adjust visibility of form elements in Form Editor	Backend ext:form		This feature improves the usability of the Form Editor and makes it more accessible to non-technical users who need to manage form visibility.	-	local:14.3.x	14.1/Feature-108663-AdjustVisibilityOfFormElementsInFormEditor.rst
108667	Deprecation	14.1	Deprecate CommandNameAlreadyInUseException	PHP-API FullyScanned ext:core	CommandNameAlreadyInUseException	As the exception is unused in TYPO3 Core, there is no direct replacement. Extensions relying on this exception should implement their own exception if needed.	-	local:14.3.x	14.1/Deprecation-108667-DeprecateCommandNameAlreadyInUseException.rst
108694	Feature	14.1	Context menu items to edit site configuration for pages	Backend ext:backend		Admin users can now quickly access the site configuration and site settings directly from the context menu when right-clicking on a site root page.	-	local:14.3.x	14.1/Feature-108694-ContextMenuItemsToEditSiteConfigurationForPages.rst
32051	Feature	14.2	Extbase query expression builder for orderings	PHP-API ext:extbase	QueryInterface orderBy() addOrderBy() concat() trim() coalesce() setOrderings()	Developers can now use SQL functions in Extbase query orderings without resorting to raw SQL statements.	-	local:14.3.x	14.2/Feature-32051-ExtbaseQueryExpressionBuilderForOrderings.rst
69190	Deprecation	14.2	Deprecate random password generator for frontend and backend users	Backend Frontend PHP-API TCA NotScanned	$GLOBALS['TYPO3_CONF_VARS']['SYS']['passwordPolicies'] PasswordGeneratorInterface $GLOBALS['TYPO3_CONF_VARS']['BE']['passwordPolicy'] $GLOBALS['TYPO3_CONF_VARS']['FE']['passwordPolicy']	Replace the `passwordRules` option with a `passwordPolicy` reference.	-	local:14.3.x	14.2/Deprecation-69190-DeprecatePasswordRulesOptionInPasswordGeneratorFieldControl.rst
69190	Feature	14.2	Add password generator "wizard"	Backend CLI Frontend PHP-API TCA ext:core	PasswordGeneratorInterface $GLOBALS['TYPO3_CONF_VARS']['BE']['passwordPolicy'] $GLOBALS['TYPO3_CONF_VARS']['FE']['passwordPolicy'] $GLOBALS['TYPO3_CONF_VARS']['SYS']['passwordPolicies'] PasswordGenerator	Password generation for backend and frontend users is now configurable through password policies. The Install Tool command vendor/bin/typo3 install:password:set also respects the configured policy.	-	local:14.3.x	14.2/Feature-69190-AddPasswordGeneratorWizard.rst
78412	Feature	14.2	Provide static TSconfig includes for be_users & be_groups	Backend TSConfig ext:core		The new fields can be used to define user TSconfig for specific users and user groups provided by extensions.	-	local:14.3.x	14.2/Feature-78412-ProvideStaticTsconfigIncludesForBe_usersBe_groups.rst
87435	Feature	14.2	Make new content element wizard items' sort order configurable	Backend TSConfig ext:backend		Integrators and developers can now set the exact order of content elements inside each wizard tab using Page TSconfig, without needing to create custom wizard groups.	-	local:14.3.x	14.2/Feature-87435-MakeNewContentElementWizardItemsSortOrderConfigurable.rst
88470	Feature	14.2	Custom message in form email finisher	Frontend Backend ext:form		Editors can now configure a custom message for email finishers directly in the form editor or via finisher overrides in the form plugin.	-	local:14.3.x	14.2/Feature-88470-CustomMessageInFormEmailFinisher.rst
89334	Feature	14.2	Add generic TranslatorInterface	PHP-API ext:core	TranslatorInterface translate() label() sL() null LanguageService $default $locale	Extension developers can now type-hint against TranslatorInterface instead of the concrete LanguageService class. This improves testability and decouples code from implementation.	-	local:14.3.x	14.2/Feature-89334-AddGenericTranslatorInterface.rst
89951	Feature	14.2	Cleanup command for form file upload folders	CLI ext:form	#[AsCommand]	The new command provides a safe and configurable way to reclaim disk space from accumulated form upload folders.	-	local:14.3.x	14.2/Feature-89951-CleanupCommandForFormFileUploadFolders.rst
91724	Feature	14.2	Introduce TemplatedEmailFactory for centralized email creation	PHP-API YAML ext:core	TemplatedEmailFactory FluidEmail create() $GLOBALS['TYPO3_CONF_VARS']['MAIL'][...] createFromRequest() createWithOverrides() BeforeMailerSentMessageEvent getMailTemplatePaths() $GLOBALS['TYPO3_CONF_VARS']['MAIL']	Extensions that send emails are encouraged to use the TemplatedEmailFactory to create FluidEmail instances instead of instantiating them directly.	-	local:14.3.x	14.2/Feature-91724-TemplatedEmailFactory.rst
91924	Feature	14.2	Add form element selection buttons to property grid	Backend ext:form		A button is now displayed in the property grid that allows direct selection of form element identifiers without requiring manual input.	-	local:14.3.x	14.2/Feature-91924-AddedFormElementSelectionButtonsToPropertyGridRowsInFormFinishers.rst
92780	Feature	14.2	Introduce event after page URI generation	PHP-API ext:core	AfterPageUriGeneratedEvent generateUri() parameters id _language getUri() setUri() getRoute() getParameters() getFragment() getType() getLanguage() getSite() RouterInterface ABSOLUTE_URL ABSOLUTE_PATH	Extension authors can now react to generated page URIs for use cases such as logging, monitoring, debugging, and URL adjustment.	-	local:14.3.x	14.2/Feature-92780-IntroduceAfterPageUriGeneratedEvent.rst
95910	Feature	14.2	Add a language selector in the record history/undo view	Backend ext:backend		The history/undo view of a translated record can now be accessed from the page tree and other places where a context menu is available, not just from the Content > Records module and the Content > Lay…	-	local:14.3.x	14.2/Feature-95910-AddLanguageSelectInRecordHistory.rst
97637	Feature	14.2	Translate default value of form elements	Frontend ext:form		Form integrators can now provide language-specific default values for form elements.	-	local:14.3.x	14.2/Feature-97637-TranslateDefaultValueOfFormElements.rst
97898	Feature	14.2	TCA option isViewable for page types	TCA ext:core	false	The viewability of pages can now be configured in TCA, following the same pattern as the `allowedRecordTypes` option introduced in TYPO3 v14.1.	-	local:14.3.x	14.2/Feature-97898-TCAOptionIsViewableForPageTypes.rst
99491	Feature	14.2	PSR-14 event for redirect integrity checks	CLI PHP-API ext:redirects	RedirectIntegrityCheckEvent IntegrityService->checkRedirectTargetIntegrity() getRedirect() getUid() getPid() getDeleted() getDisabled() getSourceHost() getSourcePath() getIsRegExp() getProtected() getForceHttps() getRespectQueryParameters() getKeepQueryParameters() getTarget() getTargetStatusCode() getCreationType() getOriginalIntegrityStatus() getIntegrityStatus() setIntegrityStatus() NO_CONFLICT INVALID_TARGET	Extensions can now validate redirects during the integrity check by listening to this event.	-	local:14.3.x	14.2/Feature-99491-PSR-14EventForRedirectIntegrityChecks.rst
99699	Feature	14.2	Enable rel attribute for link fields outside of the RTE	Backend Frontend TCA ext:backend ext:frontend		Integrators can now use `rel` consistently in link browser dialogs for both RTE and non-RTE link fields. Existing TypoLink values without rel remain unchanged and continue to work as before.	-	local:14.3.x	14.2/Feature-99699-EnableRelAttributeForLinkFieldsOutsideRte.rst
100254	Feature	14.2	Support download attribute in file link browser	Backend Frontend RTE ext:backend ext:frontend	true	Editors can now set whether a file should be downloaded or displayed in the browser directly in the link. This works in both the RTE and non-RTE link browser dialogs.	-	local:14.3.x	14.2/Feature-100254-SupportDownloadAttributeInFileLinkBrowser.rst
100887	Deprecation	14.2	Deprecation of useNonce argument in f:asset:css and f:asset:script view helpers	Fluid PHP-API PartiallyScanned ext:core ext:fluid	'useNonce' addJavaScript() addStyleSheet() AssetCollector 'csp' ['useNonce' => true] PageRenderer addJsInlineCode() addJsFooterInlineCode() addCssInlineBlock() $useNonce	Replace the useNonce argument with csp in Fluid templates:	-	local:14.3.x	14.2/Deprecation-100887-UseNonceArgumentInFAssetViewHelpers.rst
100887	Feature	14.2	Prefer CSP hash values over nonce values	Backend Frontend PHP-API FluidViewHelpers ext:core ext:fluid	DirectiveHashCollection MetaDataState Behavior $useHash true null false $useNonce PolicyBag ConsumableNonce HashCollection $policyBag->directiveHashCollection prepare() 'useNonce' 'csp' compile() @internal	The useNonce ViewHelper argument and 'useNonce' asset option key are deprecated and replaced by csp and 'csp'. See deprecation-100887-1774712028.	-	local:14.3.x	14.2/Feature-100887-PreferCSPHashValuesOverNonceValues.rst
102079	Feature	14.2	Introduce BeforePersistingReportEvent for CSP violations	Backend Frontend PHP-API ext:core	BeforePersistingReportEvent	The new BeforePersistingReportEvent allows custom control over whether and how Content-Security-Policy violation reports are persisted in TYPO3.	-	local:14.3.x	14.2/Feature-102079-IntroduceBeforePersistingReportEventForCSPViolations.rst
102159	Feature	14.2	Support additional parameters for TCA slug prefix userFunc	Backend TCA ext:backend		Extension developers can access the complete TCA field configuration and the field name inside prefix user functions.	-	local:14.3.x	14.2/Feature-102159-SupportAdditionalParametersForTCASlugPrefixUserFunc.rst
102194	Feature	14.2	Introduce QueryBuilderPaginator	Database PHP-API ext:core	QueryBuilderPaginator QueryBuilder PaginatorInterface SimplePagination SlidingWindowPagination QueryResultPaginator ArrayPaginator	A new QueryBuilderPaginator is available to paginate QueryBuilder result sets using the TYPO3 pagination API.	-	local:14.3.x	14.2/Feature-102194-QueryBuilderPaginator.rst
102215	Feature	14.2	ViewHelper and data structure to render srcset attribute	Fluid PHP-API ext:core ext:fluid		The new ViewHelper `f:image.srcset` simplifies previous manual implementations that used f:uri.image for each image size.	-	local:14.3.x	14.2/Feature-102215-SrcsetViewHelper.rst
102430	Feature	14.2	Flush cache tags for file and folder operations	FAL PHP-API ext:core		Integrators and extension developers can now add `sys_file_${uid}` and `sys_file_metadata_${uid}` as cache tags, and they are flushed correctly by the TYPO3 core when an editor interacts with them in…	-	local:14.3.x	14.2/Feature-102430-FlushCacheTagsForFileAndFolderOperations.rst
102790	Feature	14.2	Line wrapping option for code editor	Backend TCA ext:backend		Code editor fields can now be configured to wrap long lines by setting `lineWrapping` in the `appearance` array.	-	local:14.3.x	14.2/Feature-102790-LineWrappingOptionForCodeEditor.rst
104546	Feature	14.2	Support ICU MessageFormat for plural forms	PHP-API Fluid ext:core ext:extbase ext:fluid		This feature provides a standards-based approach to pluralization that: * uses the well-tested ICU library, via PHP's intl extension * handles locale-specific plural rules * supports complex pluraliza…	-	local:14.3.x	14.2/Feature-104546-SupportICUMessageFormatForPluralForms.rst
104974	Feature	14.2	Content area related information in the frontend	Frontend ext:frontend	Record ContentArea ContentAreaCollection ContainerInterface get() ContentSlideMode None AfterContentHasBeenFetchedEvent	It is now possible to access all the content elements on a page, grouped by their column, as well as having all the column-related information and configuration available.	-	local:14.3.x	14.2/Feature-104974-ContentAreaRelatedInformationInTheFrontend.rst
105084	Feature	14.2	Add setting to configure indexed_search pagination	Frontend TypoScript ext:indexed_search	SimplePagination SlidingWindowPagination ModifySearchResultSetsEvent	Integrators can now switch between core pagination implementations using TypoScript, without having to use custom PHP code.	-	local:14.3.x	14.2/Feature-105084-AddSettingToConfigureIndexedSearchPagination.rst
105649	Feature	14.2	New PSR-14 CustomFileSelectorsEvent	Backend PHP-API ext:backend	CustomFileSelectorsEvent FilesControlContainer getSelectors() setSelectors() getJavascriptModules() setJavascriptModules() getTableName() getFieldName() getDatabaseRow() getFieldConfig() getFileExtensionFilter() getFormFieldIdentifier()	It is now possible to modify file selectors using the new PSR-14 event CustomFileSelectorsEvent. This is especially useful for integrating a DAM system.	-	local:14.3.x	14.2/Feature-105649-NewPSR-14CustomFileSelectorsEvent.rst
105708	Feature	14.2	Multiple file upload for EXT:form elements	Frontend ext:form	$formRuntime[$element->getIdentifier()] ObjectStorage<FileReference> FileReference EmailFinisher DeleteUploadsFinisher ObjectStorage ProcessingRule CountValidator MimeTypeValidator FileSizeValidator ObjectStorageElementValidatorInterface	* Form integrators can now create forms that accept multiple file uploads without custom extensions * The FileUpload and ImageUpload elements support the new multiple property * All existing finishers…	-	local:14.3.x	14.2/Feature-105708-MultipleFileUploadForFormFramework.rst
105742	Feature	14.2	Synchronized manipulation of all crop variants	Backend ext:core		Editors can now apply changes to image aspect ratios and cropping to multiple matching crop variants in the image manipulation wizard. Specific `cropVariants` can be excluded from synchronization.	-	local:14.3.x	14.2/Feature-105742-SynchronizedManipulationOfAllCropVariants.rst
105827	Feature	14.2	Search in backend page tree and live search can find pages by their frontend URI	Backend ext:backend	BeforePageTreeIsFilteredEvent ModifyConstraintsForLiveSearchEvent	Editors can now easily locate a backend page when only the frontend URI is available. Permissions to view or edit the page are respected. Invalid or non-matching URIs are ignored.	-	local:14.3.x	14.2/Feature-105827-BackendSearchByPageURL.rst
105827	Feature	14.2	New PSR-14 ModifyConstraintsForLiveSearchEvent	Backend PHP-API ext:backend	ModifyConstraintsForLiveSearchEvent LiveSearch CompositeExpression ModifyQueryForLiveSearchEvent getConstraints() addConstraint() addConstraints() getTableName() getSearchDemand()	A new PSR-14 event is now available for adding constraints to the live search query. These constraints are combined with a logical `OR`.	-	local:14.3.x	14.2/Feature-105827-NewPSR-14ModifyConstraintsForLiveSearchEvent.rst
106153	Feature	14.2	Improve DebugExceptionHandler with copy functionality	Backend ext:core		Errors and their stack traces can now be copied and forwarded much more easily for support requests, without the need to save an HTML file or take screenshots.	-	local:14.3.x	14.2/Feature-106153-ImproveDebugExceptionHandlerWithCopyFunctionality.rst
106261	Feature	14.2	Align command line arguments of message consumer with Symfony original	PHP-API ext:core		This change aligns the command line arguments of the TYPO3 Console `messenger:consume` command with the original Symfony Messenger implementation.	-	local:14.3.x	14.2/Feature-106261-ConsumeMessagesCommandWithSymfony.rst
106640	Feature	14.2	Localize enum labels in site settings definitions	YAML Backend ext:core		Integrators can localize enum options consistently using the same resolution behavior as other setting labels.	-	local:14.3.x	14.2/Feature-106640-LocalizeEnumLabelsInSiteSettingsDefinitions.rst
106681	Feature	14.2	Support relative date formats in DateRange validator	Frontend Backend ext:form	strtotime()	Form integrators can now use relative date expressions in the DateRange validator configuration. Existing form definitions using absolute dates will continue to work without changes.	-	local:14.3.x	14.2/Feature-106681-SupportRelativeDateFormatsInDateRangeValidator.rst
106828	Feature	14.2	Add user TSconfig to define default live search action	Backend TSConfig ext:backend		The default actions of live search results can now be configured with user TSconfig. Integrators can define global and table-specific behavior for search results, improving backend workflows.	-	local:14.3.x	14.2/Feature-106828-AddUserTSconfigToDefineDefaultLiveSearchAction.rst
107003	Feature	14.2	Add event to change record data in list view	PHP-API ext:backend	AfterRecordListRowPreparedEvent DatabaseRecordList	The new PSR-14 event can be used, for example, to modify the title link in the record list.	-	local:14.3.x	14.2/Feature-107003-AddEventToChangeRecordDataInListView.rst
107058	Feature	14.2	Simplify registration of a custom form element	Backend ext:form		Extension developers can now register custom form elements with minimal configuration.	-	local:14.3.x	14.2/Feature-107058-SimplifyRegistrationOfCustomFormElement.rst
107068	Deprecation	14.2	Rename fieldExplanationText to description	Backend ext:form NotScanned		Rename any occurrence of fieldExplanationText to description in your form element type definition YAML files (typically located in Configuration/Yaml/FormElements/*.yaml). Example migration:	-	local:14.3.x	14.2/Deprecation-107068-RenameFieldExplanationTextToDescription.rst
107208	Deprecation	14.2	<f:debug.render> ViewHelper	Fluid NotScanned ext:fluid		A custom ViewHelper can be created that mimics the behavior of the Core ViewHelper.	-	local:14.3.x	14.2/Deprecation-107208-FdebugrenderViewHelper.rst
107289	Feature	14.2	Automatic history tracking for Extbase entities	PHP-API ext:extbase	RecordHistoryStore ExtbaseHistoryTracker EntityAddedToPersistenceEvent EntityUpdatedInPersistenceEvent EntityRemovedFromPersistenceEvent	Changes to all Extbase domain entities can now be tracked in the sys_history table, making them visible in the backend record history.	-	local:14.3.x	14.2/Feature-107289-AutomaticHistoryTrackingForExtbaseEntities.rst
107771	Feature	14.2	Make rel attribute in external links configurable	Frontend		A new TypoScript configuration option config.linkSecurityRelValue is available and can be set to `noreferrer` (default) or `noopener`. This setting affects all external links with target="_blank".	-	local:14.3.x	14.2/Feature-107771-MakeRelAttributeInExternalLinksConfigurable.rst
107802	Deprecation	14.2	Deprecate usage of array in password for authentication in Redis session backend	LocalConfiguration NotScanned ext:core	array|string	Use the configuration options `username` and `password`. **Before:**	-	local:14.3.x	14.2/Deprecation-107802-DeprecateUsageOfArrayInPasswordForAuthenticationInRedisSessionBackend.rst
107802	Feature	14.2	Support username and password in Redis session backend	LocalConfiguration ext:core		The `password` configuration option of the Redis session backend is now typed as `array|string`. Setting this configuration option to an array is deprecated and will be removed in TYPO3 v15.0.	-	local:14.3.x	14.2/Feature-107802-SupportUsernameAndPasswordInRedisSessionBackend.rst
107826	Feature	14.2	Introduce Extbase action authorization attribute	PHP-API ext:extbase	#[Authorize] requireLogin requireGroups PropagateResponseException #[Autoconfigure(public: true)] BeforeActionAuthorizationDeniedEvent	Extension authors can now implement secure, declarative authorization checks for Extbase controller actions using the #[Authorize] attribute.	-	local:14.3.x	14.2/Feature-107826-IntroduceExtbaseActionAuthorizationLogic.rst
107887	Feature	14.2	New "Latest backend logins" widget	Backend ext:dashboard Security		This feature improves administrative oversight by providing immediate visibility of recent backend user activity in the dashboard.	-	local:14.3.x	14.2/Feature-107887-NewLatestBeLoginsWidget.rst
107906	Feature	14.2	Recently opened documents widget	Backend ext:dashboard Usability		This feature improves editorial efficiency by providing immediate access to recently opened documents in the dashboard interface, reducing the time spent navigating through the backend to resume work.	-	local:14.3.x	14.2/Feature-107906-NewRecentlyOpenedDocuments.rst
107940	Feature	14.2	Introduce report about content type usage	Backend ext:reports		The new report offers a convenient way to analyze and optimize content structures within a TYPO3 installation.	-	local:14.3.x	14.2/Feature-107940-IntroduceReportAboutContentTypeUsage.rst
108345	Deprecation	14.2	Deprecation of ext_emconf.php	ext:core NotScanned	Typo3Version	Extension authors should move extension metadata from ext_emconf.php to composer.json.	-	local:14.3.x	14.2/Deprecation-108345-Deprecation-of-ext-emconf-php.rst
108345	Feature	14.2	Allow extensions without ext_emconf.php in classic mode	ext:core	Typo3Version	Extensions can now omit ext_emconf.php in TYPO3 classic mode. A deprecation message is shown during cache warm-up when ext_emconf.php is present and composer.json is not yet future-proof because it do…	-	local:14.3.x	14.2/Feature-108345-No-ext-em-conf-in-classic-mode.rst
108557	Deprecation	14.2	TCA option allowedRecordTypes for Page Types	TCA PartiallyScanned ext:core	PageDoktypeRegistry PageDoktypeRegistry->add() PageDoktypeRegistry->addAllowedRecordTypes() PageDoktypeRegistry->doesDoktypeOnlyAllowSpecifiedRecordTypes() add() addAllowedRecordTypes() doesDoktypeOnlyAllowSpecifiedRecordTypes()	A new TCA option is introduced to configure allowed record types for pages: Before:	-	local:14.3.x	14.2/Deprecation-108557-TCAOptionAllowedRecordTypesForPageTypes.rst
108557	Feature	14.2	TCA option allowedRecordTypes for page types	TCA ext:core	allowedRecordTypes	The allowed record types for pages can now be configured in TCA. This centralizes the configuration for page types and further reduces the need for ext_tables.php, which was used previously.	-	local:14.3.x	14.2/Feature-108557-TCAOptionAllowedRecordTypesForPageTypes.rst
108568	Deprecation	14.2	BackendUserAuthentication::recordEditAccessInternals() and $errorMsg	PHP-API FullyScanned ext:core	recordEditAccessInternals() $errorMsg BackendUserAuthentication checkRecordEditAccess() AccessCheckResult isAllowed errorMessage	Replace calls to recordEditAccessInternals() with checkRecordEditAccess().	-	local:14.3.x	14.2/Deprecation-108568-BackendUserAuthenticationRecordEditAccessInternals.rst
108580	Feature	14.2	Improved page module content preview	Backend HTML ext:backend ext:core	PreviewSanitizerBuilder	These enhancements improve the editorial experience in the TYPO3 backend by providing clearer, more informative content previews.	-	local:14.3.x	14.2/Feature-108580-ImprovedPageModuleContentPreview.rst
108581	Feature	14.2	Record type specific label configuration	TCA Backend ext:core	addRecordType getRecordTitle()	Tables with multiple record types can now define more specific and descriptive labels for each type in the backend user interface.	-	local:14.3.x	14.2/Feature-108581-RecordTypeSpecificLabelConfiguration.rst
108648	Feature	14.2	Option to modify src attribute for Vimeo/YouTube	Frontend ext:core		The `src` attribute for YouTube and Vimeo embeds can now be renamed.	-	local:14.3.x	14.2/Feature-108648-OptionToModifySrcAttributeForVimeoYouTube.rst
108653	Deprecation	14.2	Form file-based storage deprecated	YAML NotScanned ext:form	FileMountStorageAdapter	If your installation uses file mount–based permission separation (i.e., different backend user groups have access to different form storage folders to isolate which forms they can see and edit), an eq…	-	local:14.3.x	14.2/Deprecation-108653-FormFileBasedStorageAdapter.rst
108653	Feature	14.2	Database storage for form extension	Backend Database TCA ext:form	DatabaseStorageAdapter StorageAdapterInterface supports() StorageAdapterFactory ExtensionStorageAdapter FileMountStorageAdapter DataHandler E_USER_DEPRECATED	Editors can store new form definitions in the database by selecting the "Database" storage type in the Form Manager creation wizard.	-	local:14.3.x	14.2/Feature-108653-DatabaseStorageForFormExtension.rst
108720	Feature	14.2	QR code button for frontend preview	Backend ext:backend ext:workspaces		Editors can benefit from a streamlined workflow by sharing page previews and testing pages on mobile devices.	-	local:14.3.x	14.2/Feature-108720-QRCodeButtonForFrontendPreviewURLs.rst
108726	Feature	14.2	Add PSR-14 events ModifyRenderedContentAreaEvent and ModifyRenderedRecordEvent	Frontend ext:fluid	ModifyRenderedRecordEvent htmlspecialchars()	The new events can be used by extension authors to enhance the output of content areas and records rendered in themes.	-	local:14.3.x	14.2/Feature-108726-AddPSR-14ModifyRenderedContentAreaEvent.rst
108726	Feature	14.2	Introduce Fluid f:render.contentArea ViewHelper	Frontend ext:fluid	ModifyRenderedContentAreaEvent	Theme creators are encouraged to use the ViewHelper to allow other extensions to modify the output via EventListeners.	-	local:14.3.x	14.2/Feature-108726-IntroduceFluidRenderContentAreaViewHelper.rst
108726	Feature	14.2	Introduce Fluid f:render.record ViewHelper	Frontend ext:fluid	ModifyRenderedRecordEvent	Theme creators are encouraged to use the ViewHelper to allow other extensions to modify the output via event listeners.	-	local:14.3.x	14.2/Feature-108726-IntroduceFluidRenderRecordViewHelper.rst
108761	Deprecation	14.2	BackendUtility TSconfig-related methods	PHP-API FullyScanned ext:backend	BackendUtility getTCEFORM_TSconfig() getTSCpidCached() getTSCpid() getRealPageId() null FormEngineUtility	Calling any of the deprecated methods triggers a deprecation-level log entry. The methods will be removed in TYPO3 v15.0. The extension scanner reports usages as a **strong** match.	-	local:14.3.x	14.2/Deprecation-108761-BackendUtilityTSconfigMethods.rst
108763	Feature	14.2	Console command to analyze Fluid templates	CLI Fluid ext:fluid	ViewHelperNodeInitializedEventInterface	The new typo3 fluid:analyze console command can be used to check basic validity of Fluid templates in projects that use the `*.fluid.*` file extension and to discover deprecated functionality in templ…	-	local:14.3.x	14.2/Feature-108763-ConsoleCommandToAnalyseFluidTemplates.rst
108776	Feature	14.2	Allow to set user interface language when using CLI to create user	CLI ext:backend		The CLI command typo3 backend:user:create now supports the --language option, or -l, that sets the desired user interface language.	-	local:14.3.x	14.2/Feature-108776-AllowToSetUserInterfaceLanguageWhenUsingCLIToCreateUser.rst
108796	Feature	14.2	Centralize bookmark management	Backend TSConfig ext:backend		The bookmark toolbar item now opens a dropdown with quick access to recent bookmarks and a link to the full Bookmark Manager.	-	local:14.3.x	14.2/Feature-108796-CentralizeBookmarkManagement.rst
108799	Feature	14.2	LocalizationRepository methods for fetching record translations	Backend PHP-API ext:backend	LocalizationRepository BackendUtility count() translationCount() RawRecord getRecordLocalization() getExistingPageTranslations()	Extension developers working with record translations in the TYPO3 backend now have access to modern, injectable repository methods that follow current TYPO3 coding practices.	-	local:14.3.x	14.2/Feature-108799-LocalizationRepositoryRecordTranslationMethods.rst
108810	Deprecation	14.2	BackendUtility localization-related methods	PHP-API FullyScanned ext:backend	BackendUtility LocalizationRepository getRecordLocalization() getRecordTranslation() getExistingPageTranslations() getPageTranslations() translationCount() getRecordTranslations() RawRecord	Inject LocalizationRepository and use the new methods. The new methods return RawRecord objects instead of plain arrays.	-	local:14.3.x	14.2/Deprecation-108810-BackendUtilityLocalizationMethods.rst
108815	Feature	14.2	CLI commands for system configuration	CLI LocalConfiguration ext:lowlevel	EXTENSIONS EXTCONF DB	These commands provide a convenient way to manage TYPO3 system configuration from the command line, which is especially useful for: * automated deployment and provisioning scripts * CI/CD pipelines th…	-	local:14.3.x	14.2/Feature-108815-CLICommandsForSystemConfiguration.rst
108817	Feature	14.2	Introduce web component-based form editor tree	Backend JavaScript ext:form		Form editors will immediately notice the improved responsiveness and modern feel of the tree component. Drag-and-drop operations are smoother and more predictable.	-	local:14.3.x	14.2/Feature-108817-ModernWebComponentBasedFormEditorTree.rst
108819	Feature	14.2	RecordFieldPreviewProcessor for custom PreviewRenderers	Backend PHP-API ext:backend	RecordFieldPreviewProcessor StandardContentPreviewRenderer	Extension developers implementing custom preview renderers can now inject RecordFieldPreviewProcessor to access common field rendering helpers without extending StandardContentPreviewRenderer.	-	local:14.3.x	14.2/Feature-108819-RecordFieldPreviewProcessorForCustomPreviewRenderers.rst
108826	Feature	14.2	Add Short URL module	Backend ext:redirects	DataHandler	Editors benefit from a dedicated interface for managing short URLs without needing to understand redirect configuration details.	-	local:14.3.x	14.2/Feature-108826-AddShortURLModule.rst
108831	Feature	14.2	Extend workspace preview links to all records	Backend TSConfig ext:workspaces		The QR code and shareable link button in the Workspaces module now work for all record types that have a preview configuration.	-	local:14.3.x	14.2/Feature-108831-ExtendWorkspacePreviewLinksToAllRecordTypes.rst
108832	Feature	14.2	Introduce UserSettings object for backend user profile settings	Backend PHP-API ext:core	UserSettings $GLOBALS['TYPO3_USER_SETTINGS'] ContainerInterface has() get() UserSettingsNotFoundException	Backend user profile settings can now be accessed via the UserSettings object, providing type safety and IDE support.	-	local:14.3.x	14.2/Feature-108832-IntroduceUserSettingsObjectForBackendUserProfileSettings.rst
108842	Feature	14.2	Add badge for slide mode in Layout module	Backend ext:backend ext:workspaces	slideMode = none slideMode = slide slideMode = collect slideMode = collectReverse	This feature introduces a visual badge in the Content > Layout module to indicate when slide mode is active.	-	local:14.3.x	14.2/Feature-108842-AddBadgeForSlideModeInLayoutModule.rst
108843	Deprecation	14.2	ExtensionManagementUtility::addFieldsToUserSettings	PHP-API FullyScanned ext:core	addFieldsToUserSettings() addUserSetting() $GLOBALS['TYPO3_USER_SETTINGS'] ['type' => 'input'] ['type' => 'email'] ['type' => 'number'] ['type' => 'password'] ['type' => 'check', 'renderType' => 'checkboxToggle'] ['type' => 'select', 'renderType' => 'selectSingle'] ['type' => 'language']	Replace the two-step approach with the new addUserSetting() method.	-	local:14.3.x	14.2/Deprecation-108843-ExtensionManagementUtilityAddFieldsToUserSettings.rst
108843	Feature	14.2	User settings configuration migrated to TCA	Backend TCA PHP-API ext:setup	$GLOBALS['TYPO3_USER_SETTINGS'] $GLOBALS['TCA']['be_users']['columns']['user_settings'] addUserSetting() user_settings columns label config table 'be_users' showitem --div--; input number email password check renderType => 'checkboxToggle' select renderType => 'selectSingle' language	Extensions can add custom fields to backend user profile settings using the new addUserSetting() method in Configuration/TCA/Overrides/be_users.php:	-	local:14.3.x	14.2/Feature-108843-UserSettingsConfigurationMigratedToTCA.rst
108846	Feature	14.2	Console command to inspect global ViewHelper namespaces	CLI Fluid ext:fluid		The new console command allows developers and integrators to inspect global ViewHelper namespaces in the current project.	-	local:14.3.x	14.2/Feature-108846-ConsoleCommandToInspectGlobalViewHelperNamespaces.rst
108868	Feature	14.2	Introduce Fluid f:render.text ViewHelper	Frontend ext:fluid	RecordInterface PageInformation DomainObjectInterface RecordPropertyNotFoundException	Extensions that previously accessed field values with {record.title} can continue to do so.	-	local:14.3.x	14.2/Feature-108868-IntroduceFluidRenderTextViewHelper.rst
108904	Feature	14.2	Add generic error action for custom HTTP status codes in ErrorController	Frontend ext:core	ErrorController customErrorAction()	It is now possible to trigger custom error pages with specific HTTP status codes and messages from within TYPO3 or extensions, while still respecting the error handling in the main site configuration.	-	local:14.3.x	14.2/Feature-108904-AddGenericErrorActionForCustomHTTPStatusCodesInErrorController.rst
108915	Feature	14.2	New page creation wizard	Backend ext:backend		Editors benefit from a faster, less error-prone way to build page structures.	-	local:14.3.x	14.2/Feature-108915-PageCreationWizard.rst
108941	Feature	14.2	Provide language labels as virtual JavaScript modules	Backend JavaScript ext:backend		Extension developers can now use labels in JavaScript components without requiring labels to be preloaded globally or per module, reducing the risk of missing labels and also simplifying developer wor…	-	local:14.3.x	14.2/Feature-108941-ProvideLanguageLabelsAsVirtualJavaScriptModules.rst
108963	Deprecation	14.2	Deprecate `PageRenderer->addInlineLanguageDomain()`	Backend JavaScript FullyScanned ext:backend	PageRenderer->addInlineLanguageDomain() addInlineLanguageDomain()	The call to addInlineLanguageDomain() can be removed. In the JavaScript code, add a module import that imports from the '~labels/' prefix. Before:	-	local:14.3.x	14.2/Deprecation-108963-DeprecatePageRenderer-addInlineLanguageDomain.rst
108966	Feature	14.2	Rich text editor support in TYPO3 form editor	Backend RTE ext:form ext:rte_ckeditor	RichTextConfigurationService $GLOBALS['TYPO3_CONF_VARS']['RTE']['Presets']	Form integrators can now enable rich text editing in any textarea field in the form editor by configuring it in the form YAML configuration.	-	local:14.3.x	14.2/Feature-108966-RichTextEditorSupportInFormEditor.rst
108975	Feature	14.2	Add configuration provider for Extbase class configuration	Backend ext:extbase ext:lowlevel		This is a read-only usability improvement. Developers and integrators can inspect and verify resolved Extbase persistence class mapping such as extension overrides in the backend, without having to du…	-	local:14.3.x	14.2/Feature-108975-AddConfigurationProviderForExtbaseClassConfiguration.rst
108982	Feature	14.2	Introduce rate limiting for Extbase actions	Frontend ext:extbase	RateLimit #[RateLimit] limit interval policy message BeforeActionRateLimitResponseEvent	Developers can now protect sensitive Extbase actions (for example, form submissions, login attempts, and heavy API endpoints) from abuse, spam, or brute-force attacks with minimal effort.	-	local:14.3.x	14.2/Feature-108982-IntroduceRateLimitingForExtbaseActions.rst
108992	Feature	14.2	New PSR-14 event for workspace dependency resolution	Backend PHP-API ext:workspaces	IsReferenceConsideredForDependencyEvent getTableName() getRecordId() getFieldName() getReferenceTable() getReferenceId() getAction() DependencyCollectionAction Publish StageChange Discard Display getWorkspaceId() isDependency() setDependency() type=inline type=file foreign_field type=flex	Extensions can now register custom parent-child relationships as workspace dependencies via this PSR-14 event.	-	local:14.3.x	14.2/Feature-108992-NewPSR-14EventForWorkspaceDependencyResolution.rst
109018	Feature	14.2	PSR-14 event to modify indexed_search result sets	Frontend PHP-API ext:indexed_search	AfterSearchResultSetsAreGeneratedEvent SearchController searchAction() getResultSets() setResultSets(array $resultSets) getSearchData() getSearchWords() getView() getRequest() SlidingWindowPagination	This event allows search result sets to be modified in a single listener call. It enables custom pagination strategies, as well as advanced search result transformations.	-	local:14.3.x	14.2/Feature-109018-PSR-14EventToModifyIndexedSearchResultSets.rst
109027	Deprecation	14.2	Move `language:update` command and events to `EXT:core`	CLI PHP-API FullyScanned ext:install	LanguagePackService LanguagePackCommand UpdateLanguagePackCommand ModifyLanguagePackRemoteBaseUrlEvent ModifyLanguagePacksEvent ClassAliasMap use	Replace the old class names with the new ones in use statements:	-	local:14.3.x	14.2/Deprecation-109027-MoveLanguageUpdateCommandAndEventsToEXTcore.rst
109029	Deprecation	14.2	FormEngine ``doSave`` hidden field	Backend JavaScript NotScanned ext:backend	$request->getParsedBody()['doSave']	Replace any checking of the doSave POST field with a check of all native submit action fields that FormEngine sends as part of normal form submission. Before:	-	local:14.3.x	14.2/Deprecation-109029-FormEngineDoSaveHiddenField.rst
109031	Feature	14.2	Page position select component	Backend		This component can be used anywhere in the backend where page selection and insertion position are needed, replacing previous workflows with more intuitive controls.	-	local:14.3.x	14.2/Feature-109031-PagePositionSelectComponent.rst
109080	Feature	14.2	Unified RateLimiterFactory with admin overrides	PHP-API LocalConfiguration ext:core	RateLimiterFactory RateLimiterFactoryInterface $GLOBALS['TYPO3_CONF_VARS']['SYS']['rateLimiter'] #[RateLimit] createRequestBasedLimiter() createLimiter() create()	All rate limiting in TYPO3 now flows through a single factory that supports admin-level overrides.	-	local:14.3.x	14.2/Feature-109080-UnifiedRateLimiterFactoryWithAdminOverrides.rst
109087	Feature	14.2	Introduce BeforeBackendPageRenderEvent for BackendController	Backend PHP-API ext:backend	BeforeBackendPageRenderEvent BackendController $view ViewInterface $javaScriptRenderer JavaScriptRenderer $pageRenderer PageRenderer @internal	It is now possible to add custom JavaScript modules and other assets to the TYPO3 backend top frame using the new PSR-14 event BeforeBackendPageRenderEvent.	-	local:14.3.x	14.2/Feature-109087-IntroduceBeforeBackendPageRenderEventForBackendController.rst
109102	Deprecation	14.2	FormEngine "additionalHiddenFields" key	Backend PHP-API NotScanned ext:backend	$hiddenFieldsHtml getHiddenFieldsHtml() $resultArray['additionalHiddenFields'] E_USER_DEPRECATED mergeChildReturnIntoExistingResult()	Move hidden field HTML from `additionalHiddenFields` into the `html` key. Before:	-	local:14.3.x	14.2/Deprecation-109102-FormEngineAdditionalHiddenFields.rst
109110	Feature	14.2	Introduce scheduler task priority	Backend Database TCA ext:scheduler	label	Administrators can now assign a priority to each scheduler task. Tasks with **High** priority are picked up before **Regular** tasks, and **Regular** before **Low** tasks.	-	local:14.3.x	14.2/Feature-109110-IntroduceSchedulerTaskPriority.rst
109114	Feature	14.2	Autocomplete for components via XSD schema	CLI Fluid ext:fluid	ComponentListProviderInterface AbstractComponentCollection resolveTemplateName() getAvailableComponents()	The CLI command typo3 fluid:schema:generate now creates XSD schema files for Fluid components, enabling autocompletion in supporting IDEs.	-	local:14.3.x	14.2/Feature-109114-AutocompleteForComponentsViaXSDSchema.rst
109126	Feature	14.2	Introduce date editor for ext:form	Backend ext:form		The form editor backend now provides a structured, user-friendly editor for date constraints and default values in Date form elements.	-	local:14.3.x	14.2/Feature-109126-DateEditorForFormFramework.rst
109130	Feature	14.2	Context-aware editing in the layout module	Backend ext:backend		Editors can now edit records in the Content > Layout module without leaving the page layout context. The full editing form remains accessible for more complex editing tasks.	-	local:14.3.x	14.2/Feature-109130-ContextAwareEditingInPageModule.rst
109152	Deprecation	14.2	Form DatePicker element	Frontend YAML NotScanned ext:form	DatePickerViewHelper TimePickerViewHelper DatePicker E_USER_DEPRECATED	Replace DatePicker with the Date form element type in your form definitions. Before:	-	local:14.3.x	14.2/Deprecation-109152-FormDatePickerElement.rst
109163	Feature	14.2	Implement public system resources publishing	ext:core	$GLOBALS['TYPO3_CONF_VARS']['SYS']['SystemResources']['filesystemPublishingType'] = 'link'; $GLOBALS['TYPO3_CONF_VARS']['SYS']['SystemResources']['filesystemPublishingType'] = 'mirror'; $GLOBALS['TYPO3_CONF_VARS']['SYS']['SystemResources']['filesystemPublishingType'] = 'auto'; SystemResourcePublisherInterface	There is no apparent impact for any TYPO3 installation, as the changes are mostly internal and the public API and behavior are the same as before.	-	local:14.3.x	14.2/Feature-109163-Implement-public-system-resources-publishing.rst
109167	Feature	14.2	Improved exceptions in Fluid templates	Fluid ext:fluid	Exception InvalidArgumentException InvalidArgumentValueException MissingArgumentException UndeclaredArgumentException $e->getPrevious()	To make debugging easier, exceptions that originate from Fluid templates now contain more context, such as the full path to the template file.	-	local:14.3.x	14.2/Feature-109167-ImprovedExceptionsInFluidTemplates.rst
109171	Deprecation	14.2	Bootstrap tab events	Backend JavaScript NotScanned ext:backend		Replace Bootstrap tab event listeners with the new TYPO3 tab events. Before:	-	local:14.3.x	14.2/Deprecation-109171-BootstrapTabEvents.rst
109187	Feature	14.2	Add integrity property to CSS includes	Frontend TypoScript ext:frontend	addCssFile() addCssLibrary() $integrity $crossorigin	It is now possible to add SRI integrity hashes to CSS files included via TypoScript:	-	local:14.3.x	14.2/Feature-109187-AddIntegrityPropertyToCssIncludes.rst
109187	Feature	14.2	Automatic SRI hash resolution for resource includes	Frontend PHP-API TypoScript ext:frontend ext:core	cache.assets AUTO PageRenderer AssetCollector $integrity	It is now possible to enable SRI for resource includes without manually computing the hash value. Setting integrity = auto is sufficient:	-	local:14.3.x	14.2/Feature-109187-AutomaticSRIHashResolutionForResourceIncludes.rst
109192	Deprecation	14.2	FormEngine OuterWrapContainer	Backend PHP-API NotScanned ext:backend	OuterWrapContainer FormWrapContainer E_USER_DEPRECATED $formData['renderType'] = 'outerWrapContainer'	Replace the render type `outerWrapContainer` with `formWrapContainer`. Before:	-	local:14.3.x	14.2/Deprecation-109192-FormEngineOuterWrapContainer.rst
109196	Deprecation	14.2	Deprecate doktypesToShowInNewPageDragArea user TSconfig	Backend TSConfig NotScanned ext:backend		Remove the options.pageTree.doktypesToShowInNewPageDragArea option from your user TSconfig.	-	local:14.3.x	14.2/Deprecation-109196-DeprecateDoktypesToShowInNewPageDragArea.rst
109214	Feature	14.2	Native support for language Lao added	Backend Frontend ext:core		It is now possible to * fetch translated labels from Crowdin automatically inside the TYPO3 backend * switch the backend interface to Lao * create translation files with the `lo` prefix (such as `lo.l…	-	local:14.3.x	14.2/Feature-109214-NativeSupportForLanguageLaoAdded.rst
109230	Deprecation	14.2	FormResultCompiler	Backend FullyScanned ext:backend	FormResultCompiler EditDocumentController FormResultFactory FormResultHandler	Replace FormResultCompiler with FormResultFactory and FormResultHandler. Before:	-	local:14.3.x	14.2/Deprecation-109230-FormResultCompiler.rst
109263	Feature	14.2	Expression language support for limitToPages in routing	YAML PHP-API ext:core	Site SiteLanguage	Integrators can now use dynamic, expression-based conditions in limitToPages instead of maintaining static lists of page IDs.	-	local:14.3.x	14.2/Feature-109263-ExpressionLanguageSupportForLimitToPagesInRouteEnhancers.rst
109271	Feature	14.2	Add TCA configuration for page creation wizard steps	TCA Backend ext:backend		It is now possible to configure fields, steps, and their order in the page creation wizard.	-	local:14.3.x	14.2/Feature-109271-TCAConfigurationForDynamicWizardSteps.rst
109280	Deprecation	14.2	FormEngine TcaDescription fieldInformation	Backend PHP-API TCA NotScanned ext:backend	TcaDescription ['columns']['fieldName']['description'] renderDescription() $defaultFieldInformation E_USER_DEPRECATED	Remove any explicit `tcaDescription` field information configuration from TCA and from custom FormEngine node classes.	-	local:14.3.x	14.2/Deprecation-109280-FormEngineTcaDescriptionFieldInformation.rst
109286	Deprecation	14.2	Explicit request handling in PageRenderer	Backend Frontend PHP-API NotScanned ext:core	PageRenderer ServerRequestInterface PageRenderer->setLanguage(Locale $locale, ?ServerRequestInterface $request = null) PageRenderer->setLanguage(Locale $locale, ServerRequestInterface $request) PageRenderer->setDocType(DocType $docType) PageRenderer->setDocType(DocType $docType, ?ServerRequestInterface $request = null) PageRenderer->setDocType(DocType $docType, ServerRequestInterface $request) PageRenderer->render() PageRenderer->render(?ServerRequestInterface $request = null) PageRenderer->render(ServerRequestInterface $request) PageRenderer->renderResponse(int $code = 200, string $reasonPhrase = '') PageRenderer->render(ServerRequestInterface|int $requestOrCode = 200, int|string $codeOrReasonPhrase = '', string $reasonPhrase = '') PageRenderer->render(ServerRequestInterface $request, int $code = 200, string $reasonPhrase = '') $GLOBALS['TYPO3_REQUEST']	Adapt method calls to pass the ServerRequestInterface object explicitly.	-	local:14.3.x	14.2/Deprecation-109286-ExplicitRequestHandlingInPageRenderer.rst
109295	Deprecation	14.2	DatabaseWriter::setLogTable()/getLogTable()	PHP-API PartiallyScanned ext:core	setLogTable() getLogTable() DatabaseWriter writeLog() LogRecord final $logTable E_USER_DEPRECATED logTable $GLOBALS['TYPO3_CONF_VARS']['LOG'] AbstractWriter set*() ->setLogTable() ->getLogTable()	Replace DatabaseWriter with a dedicated writer that extends AbstractWriter and implements writeLog() with explicit field mapping for the custom table. Before:	-	local:14.3.x	14.2/Deprecation-109295-DatabaseWriterSetLogTableGetLogTable.rst
109306	Deprecation	14.2	Deprecate form editor stage template rendering functions	Backend JavaScript NotScanned ext:form		Two migration paths are available: **Option 1: Use the built-in web component (recommended)** Remove the custom JavaScript subscriber and omit the formEditorPartials stage partial configuration from y…	-	local:14.3.x	14.2/Deprecation-109306-FormEditorStageTemplateRenderingFunctions.rst
109329	Deprecation	14.2	PageRenderer get() methods	PHP-API PartiallyScanned ext:core	PageRenderer->getTitle() PageRenderer->getLanguage() PageRenderer->getDocType() PageRenderer->getHtmlTag() PageRenderer->getHeadTag() PageRenderer->getFavIcon() PageRenderer->getIconMimeType() PageRenderer->getTemplateFile() PageRenderer->getMoveJsFromHeaderToFooter() PageRenderer->getBodyContent() PageRenderer->getInlineLanguageLabels() PageRenderer->getInlineLanguageLabelFiles() PageRenderer->getMetaTag() PageRenderer->removeMetaTag() AbstractContentObject->getPageRenderer() PageRenderer getTitle() getLanguage() getPageRenderer()	In practice, there is often little reason to rely on the methods mentioned above.	-	local:14.3.x	14.2/Deprecation-109329-PageRendererGetMethods.rst
109340	Feature	14.2	Include site configurations in import / export	Backend ext:impexp		Site configurations can now be preserved across export and import cycles. This simplifies the distribution of complete site packages and the migration of page trees between TYPO3 instances.	-	local:14.3.x	14.2/Feature-109340-IncludeSiteConfigurationsInImportExport.rst
109365	Feature	14.2	Introduce module access gates for backend modules	Backend PHP-API ext:backend	ModuleAccessGateInterface UserGate AdminGate SystemMaintainerGate #[AsModuleAccessGate] Granted Denied Abstain	Extension authors can now define custom module access strategies beyond the built-in `user`, `admin`, and `systemMaintainer` levels by implementing ModuleAccessGateInterface and registering it with th…	-	local:14.3.x	14.2/Feature-109365-IntroduceModuleAccessGatesForBackendModules.rst
109366	Feature	14.2	Hide form fields with no selectable items	Backend TCA	$GLOBALS['TYPO3_CONF_VARS']['BE']['debug'] = true	Fields without selectable items are now hidden by default. In backend debug mode, the fields are shown as read-only with an info badge.	-	local:14.3.x	14.2/Feature-109366-HideFormFieldsWithNoSelectableItems.rst
109370	Feature	14.2	Array-based queryParameters for page links	Frontend PHP-API ext:frontend	LinkFactory array_replace_recursive()	Developers creating page links via the LinkFactory PHP API can now pass query parameters as structured arrays via the `queryParameters` configuration key.	-	local:14.3.x	14.2/Feature-109370-ArrayBasedQueryParametersForTypolink.rst
109409	Deprecation	14.2	Access to arbitrary resources in extensions	PHP-API NotScanned ext:core		Either configure the referenced paths explicitly in Configuration/Resources.php, as described in feature-109409-1774770383, or move the resources to a path that is already configured.	-	local:14.3.x	14.2/Deprecation-109409-Access-of-arbitrary-resources-in-extensions.rst
109409	Deprecation	14.2	Allowed paths configuration is deprecated	PHP-API NotScanned ext:core	$GLOBALS['TYPO3_CONF_VARS']['FE']['addAllowedPaths']	Configure resources in config/system/resources.php instead of using $GLOBALS['TYPO3_CONF_VARS']['FE']['addAllowedPaths'].	-	local:14.3.x	14.2/Deprecation-109409-Allowed-paths-configuration.rst
109409	Feature	14.2	Allow configuration of resources	ext:core		If resource configuration is not added to an extension, this feature will have no impact on a TYPO3 installation. If such a configuration exists, it extends the default configuration.	-	local:14.3.x	14.2/Feature-109409-Allow-configuration-of-public-resources.rst
109412	Deprecation	14.2	TypoScript-based form YAML registration	YAML Frontend Backend FullyScanned ext:form	E_USER_DEPRECATED	Replace TypoScript registration with the auto-discovery directory convention introduced in TYPO3 v14.2 (see Feature-109412). 1. Create directory EXT:my_extension/Configuration/Form/MySet/. 2.	-	local:14.3.x	14.2/Deprecation-109412-FormYamlConfigurationRegistration.rst
109412	Feature	14.2	Auto-discovery of form YAML configurations	YAML Frontend Backend ext:form	FormYamlCollectorConfigurator $GLOBALS['TYPO3_CONF_VARS']['EXTENSIONS']['form']['disabledSets']	Extensions that have a config.yaml in Configuration/Form/<SetName>/ will have their configuration automatically loaded without any additional registration.	-	local:14.3.x	14.2/Feature-109412-FormYamlAutoDiscovery.rst
109429	Feature	14.2	Introduce PSR-14 `ModifyLocalizationHandlerIsAvailableEvent`	Backend PHP-API ext:backend	ModifyLocalizationHandlerIsAvailableEvent LocalizationHandlerRegistry LocalizationInstructions public readonly string $identifier getIdentifier() public readonly string $className public readonly LocalizationInstructions $instructions public bool $isAvailable	Custom extensions (public and project-specific) are now able to intercept and determine which handlers are available for localization steps in the translation wizard, based on localization context.	-	local:14.3.x	14.2/Feature-109429-IntroducePSR-14ModifyLocalizationHandlerIsAvailableEvent.rst
107931	Deprecation	14.3	Lowlevel DatabaseIntegrityCheck class	PHP-API FullyScanned ext:lowlevel	DatabaseIntegrityCheck E_USER_DEPRECATED	Extensions that rely on this class should implement the necessary functionality themselves.	-	local:14.3.x	14.3/Deprecation-107931-LowlevelDatabaseIntegrityCheck.rst
109107	Deprecation	14.3	CacheAction key "href"	Backend PHP-API ext:backend NotScanned	CacheAction href ModifyClearCacheActionsEvent endpoint string E_USER_DEPRECATED ClearCacheToolbarItem	Replace the href key with endpoint in any cache action array returned from a ModifyClearCacheActionsEvent listener.	-	local:14.3.x	14.3/Deprecation-109107-CacheActionHrefKey.rst
109438	Deprecation	14.3	ext_tables.php in extensions	PHP-API NotScanned ext:core	E_USER_DEPRECATED addFieldsToUserSettings() addUserSetting() PageDoktypeRegistry->add() allowedRecordTypes	Move all registration from ext_tables.php to the appropriate configuration files.	-	local:14.3.x	14.3/Deprecation-109438-ExtTablesPhpInExtensions.rst
109517	Deprecation	14.3	PSR-14 event :php:`TYPO3\CMS\Setup\Event\AddJavaScriptModulesEvent`	Backend PHP-API NotScanned ext:backend	AddJavaScriptModulesEvent AddUserSettingsJavaScriptModulesEvent	See important-109517-1744105200-AddJavaScriptModulesEvent. The new event name and class namespace can be used with no further functional changes.	-	local:14.3.x	14.3/Deprecation-109517-AddJavaScriptModulesEvent.rst
109519	Deprecation	14.3	BackendUtility item list label methods	PHP-API FullyScanned ext:backend	BackendUtility getLabelFromItemlist() getLabelFromItemListMerged() getLabelsFromItemsList() SchemaLabelResolver E_USER_DEPRECATED SchemaLabelResolver->getLabelForFieldValue() SchemaLabelResolver->getLabelsForFieldValues()	Replace calls to getLabelFromItemlist() with SchemaLabelResolver->getLabelForFieldValue(). Before:	-	local:14.3.x	14.3/Deprecation-109519-BackendUtilityItemListLabelMethods.rst
109523	Deprecation	14.3	GeneralUtility::isOnCurrentHost() without PSR-7 request	PHP-API FullyScanned ext:core	isOnCurrentHost() ServerRequestInterface getIndpEnv() E_USER_DEPRECATED $GLOBALS['TYPO3_REQUEST']	Pass the current PSR-7 request as the second argument to isOnCurrentHost(). Before:	-	local:14.3.x	14.3/Deprecation-109523-GeneralUtilityIsOnCurrentHostWithoutRequest.rst
109529	Deprecation	14.3	Page module section markup events	Backend PHP-API NotScanned ext:backend	BeforeSectionMarkupGeneratedEvent AfterSectionMarkupGeneratedEvent AbstractSectionMarkupGeneratedEvent getBeforeSectionMarkup() getAfterSectionMarkup() PageLayoutView PageLayoutViewDrawEmptyColposContent colPos {column.unassigned} setContent() GridColumn {column.beforeSectionMarkup} {column.afterSectionMarkup}	There is no direct replacement. Listeners that decorated backend layout columns through these events should be removed.	-	local:14.3.x	14.3/Deprecation-109529-PageModuleSectionMarkupEvents.rst
109544	Deprecation	14.3	GeneralUtility::sanitizeLocalUrl() needs PSR-7 request	PHP-API FullyScanned ext:core	sanitizeLocalUrl() getIndpEnv() NormalizedParams E_USER_DEPRECATED ServerRequestInterface	Pass the current PSR-7 request as the second argument:	-	local:14.3.x	14.3/Deprecation-109544-GeneralUtilitySanitizeLocalUrlWithoutRequest.rst
109548	Deprecation	14.3	GeneralUtility::locationHeaderUrl() without PSR-7 request	PHP-API FullyScanned ext:core	locationHeaderUrl() ServerRequestInterface getIndpEnv() E_USER_DEPRECATED $GLOBALS['TYPO3_REQUEST']	Pass the current PSR-7 request as the second argument to locationHeaderUrl().	-	local:14.3.x	14.3/Deprecation-109548-GeneralUtilityLocationHeaderUrlWithoutRequest.rst
109551	Deprecation	14.3	GeneralUtility::getIndpEnv()	PHP-API FullyScanned ext:core	getIndpEnv() NormalizedParams E_USER_DEPRECATED	Replace calls to getIndpEnv() with the corresponding NormalizedParams getter. A NormalizedParams instance is available as an attribute of the PSR-7 request:	-	local:14.3.x	14.3/Deprecation-109551-GeneralUtilityGetIndpEnv.rst
109575	Deprecation	14.3	Various ContentObjectRenderer properties/methods	PHP-API TypoScript PartiallyScanned ext:frontend	ContentObjectRenderer ContentObjectRenderer->$lastTypoLinkResult LinkResultInterface createLink() ContentObjectRenderer->$currentRecordNumber ContentObjectRenderer->$parentRecordNumber ContentContentObject RecordsContentObject ContentObjectRenderer->$checkPid_badDoktypeList ContentObjectRenderer->readFlexformIntoConf() convertFlexFormContentToArray() $parentRecordNumber ContentObjectRenderer->getRequest() $GLOBALS['TYPO3_REQUEST'] getRequest() setRequest() setRequest(ServerRequestInterface $request) start() $lastTypoLinkResult $checkPid_badDoktypeList readFlexformIntoConf() E_USER_DEPRECATED $currentRecordNumber @deprecated $cObj->lastTypoLinkResult $cObj->readFlexformIntoConf()	Accessing $lastTypoLinkResult or $checkPid_badDoktypeList, calling readFlexformIntoConf(), evaluating the cobj:parentRecordNumber getData type, or triggering the $GLOBALS['TYPO3_REQUEST'] fallback in…	-	local:14.3.x	14.3/Deprecation-109575-ContentObjectRendererPropertiesAndMethods.rst
